Store,StoreType,Assortment,CompetitionDistance,CompetitionOpenSinceMonth,CompetitionOpenSinceYear,Promo2,Promo2SinceWeek,Promo2SinceYear,PromoInterval,total_sales,total_customers,avg_daily_sales,avg_daily_customers,operating_days
1,c,a,1270.0,9.0,2008.0,0,,,,3716854,440523,4759.096030729834,564.0499359795134,781
2,a,a,570.0,11.0,2007.0,1,13.0,2010.0,"Jan,Apr,Jul,Oct",3883858,457855,4953.900510204082,583.9987244897959,784
3,a,a,14130.0,12.0,2006.0,1,14.0,2011.0,"Jan,Apr,Jul,Oct",5408261,584310,6942.568677792041,750.0770218228498,779
4,c,c,620.0,9.0,2009.0,0,,,,7556507,1036254,9638.401785714286,1321.7525510204082,784
5,a,a,29910.0,4.0,2015.0,0,,,,3642818,418588,4676.274711168165,537.3401797175867,779
6,a,a,310.0,12.0,2013.0,0,,,,4297758,495483,5509.946153846154,635.2346153846154,780
7,a,c,24000.0,4.0,2013.0,0,,,,6930202,745569,8817.050890585242,948.5610687022901,786
8,a,a,7520.0,10.0,2014.0,0,,,,4342857,516027,5539.3584183673465,658.1977040816327,784
9,a,c,2030.0,8.0,2000.0,0,,,,5112061,451677,6562.337612323492,579.8164313222079,779
10,a,a,3160.0,9.0,2009.0,0,,,,4365642,465661,5568.4209183673465,593.9553571428571,784
11,a,c,960.0,11.0,2011.0,1,1.0,2012.0,"Jan,Apr,Jul,Oct",6296286,885992,8030.977040816327,1130.091836734694,784
12,a,c,1070.0,,,1,13.0,2010.0,"Jan,Apr,Jul,Oct",5950245,703211,7589.598214285715,896.952806122449,784
13,d,a,310.0,,,1,45.0,2009.0,"Feb,May,Aug,Nov",3126578,237740,5034.747181964573,382.8341384863124,621
14,a,a,1300.0,3.0,2014.0,1,40.0,2011.0,"Jan,Apr,Jul,Oct",4291174,491913,5508.567394094994,631.4672657252888,779
15,d,c,4110.0,3.0,2010.0,1,14.0,2011.0,"Jan,Apr,Jul,Oct",5231510,520107,6672.844387755102,663.4017857142857,784
16,a,c,3270.0,,,0,,,,5967891,662375,7680.683397683398,852.4774774774775,777
17,a,a,50.0,12.0,2005.0,1,26.0,2010.0,"Jan,Apr,Jul,Oct",4954488,619090,6335.6624040920715,791.6751918158568,782
18,d,c,13840.0,6.0,2010.0,1,14.0,2012.0,"Jan,Apr,Jul,Oct",5130137,557785,6560.277493606138,713.2800511508951,782
19,a,c,3240.0,,,1,22.0,2011.0,"Mar,Jun,Sept,Dec",5036169,486618,6464.915275994866,624.6700898587933,779
20,d,a,2340.0,5.0,2009.0,1,40.0,2014.0,"Jan,Apr,Jul,Oct",4801543,525258,7756.9353796445885,848.5589660743134,619
21,c,c,550.0,10.0,1999.0,1,45.0,2009.0,"Jan,Apr,Jul,Oct",4259763,401213,5482.320463320463,516.3616473616473,777
22,a,a,1040.0,,,1,22.0,2012.0,"Jan,Apr,Jul,Oct",2801506,312129,4525.857835218094,504.2471728594507,619
23,d,a,4060.0,8.0,2005.0,0,,,,4300299,375818,5520.281129653402,482.43645699614893,779
24,a,c,4590.0,3.0,2000.0,1,40.0,2011.0,"Jan,Apr,Jul,Oct",7313475,650800,9388.28626444159,835.4300385109115,779
25,c,a,430.0,4.0,2003.0,0,,,,8376557,1177772,11139.038563829787,1566.186170212766,752
26,d,a,2300.0,,,0,,,,5217266,434849,6671.695652173913,556.0728900255755,782
27,a,a,60.0,1.0,2005.0,1,5.0,2011.0,"Jan,Apr,Jul,Oct",7383809,837237,9478.57381258023,1074.7586649550706,779
28,a,a,1200.0,10.0,2014.0,1,6.0,2015.0,"Mar,Jun,Sept,Dec",4080950,448196,5293.060959792478,581.3177691309987,771
29,d,c,2170.0,,,0,,,,5737160,509233,7364.775353016688,653.7008985879332,779
30,a,a,40.0,2.0,2014.0,1,10.0,2014.0,"Mar,Jun,Sept,Dec",4114046,603828,5294.782496782497,777.1274131274131,777
31,d,c,9800.0,7.0,2012.0,0,,,,4596143,459464,5862.427295918367,586.0510204081633,784
32,a,a,2910.0,,,1,45.0,2009.0,"Feb,May,Aug,Nov",2526117,296333,4067.8212560386473,477.1867954911433,621
33,a,c,1320.0,5.0,2013.0,0,,,,6572158,651485,8436.659820282413,836.3093709884467,779
34,c,a,2240.0,9.0,2009.0,0,,,,6296685,778872,8031.485969387755,993.4591836734694,784
35,d,c,7660.0,10.0,2000.0,1,1.0,2012.0,"Jan,Apr,Jul,Oct",7558693,568401,9703.071887034659,729.6546854942234,779
36,a,c,540.0,6.0,2003.0,1,40.0,2014.0,"Jan,Apr,Jul,Oct",5824183,678178,9363.638263665594,1090.3183279742766,622
37,c,a,4230.0,12.0,2014.0,0,,,,5549053,609251,7114.170512820513,781.0910256410257,780
38,d,a,1090.0,4.0,2007.0,0,,,,4677617,417034,6004.643132220795,535.3453145057766,779
39,a,a,260.0,10.0,2006.0,1,31.0,2013.0,"Feb,May,Aug,Nov",3780153,490471,4852.571245186136,629.6161745827984,779
40,a,a,180.0,,,1,45.0,2009.0,"Feb,May,Aug,Nov",3804215,515125,4902.3389175257735,663.8208762886597,776
41,d,c,1180.0,,,1,31.0,2013.0,"Jan,Apr,Jul,Oct",3318407,247531,5335.059485530546,397.959807073955,622
42,a,c,290.0,,,1,40.0,2011.0,"Jan,Apr,Jul,Oct",7928768,856938,10178.136071887035,1100.0487804878048,779
43,d,a,4880.0,,,1,37.0,2009.0,"Jan,Apr,Jul,Oct",5315050,475314,6822.9139922978175,610.1591784338896,779
44,a,a,540.0,6.0,2011.0,0,,,,4295144,501806,5478.5,640.0586734693877,784
45,d,a,9710.0,2.0,2014.0,0,,,,4166458,323582,5348.469833119384,415.38125802310657,779
46,c,a,1200.0,9.0,2005.0,1,14.0,2011.0,"Jan,Apr,Jul,Oct",3329125,410832,5352.290996784566,660.5016077170418,622
47,a,c,270.0,4.0,2013.0,1,14.0,2013.0,"Jan,Apr,Jul,Oct",5601760,721790,7145.102040816327,920.6505102040817,784
48,a,a,1060.0,5.0,2012.0,0,,,,3085014,336519,3934.966836734694,429.2334183673469,784
49,d,c,18010.0,9.0,2007.0,0,,,,5675296,413137,7304.113256113256,531.7078507078508,777
50,d,a,6260.0,11.0,2009.0,0,,,,3315479,279505,4256.070603337613,358.7997432605905,779
51,a,c,10570.0,7.0,2013.0,1,9.0,2011.0,"Jan,Apr,Jul,Oct",4152028,309126,6675.286173633441,496.9871382636656,622
52,d,c,450.0,4.0,2014.0,1,39.0,2010.0,"Jan,Apr,Jul,Oct",4607742,313176,7407.945337620578,503.4983922829582,622
53,a,c,30360.0,9.0,2013.0,0,,,,4127609,444300,5264.807397959184,566.7091836734694,784
54,d,c,7170.0,8.0,2014.0,1,5.0,2013.0,"Feb,May,Aug,Nov",6207418,573426,7907.538853503184,730.4789808917197,785
55,a,a,720.0,11.0,2004.0,0,,,,3587212,435992,4598.989743589744,558.9641025641025,780
56,d,c,6620.0,3.0,2012.0,1,10.0,2014.0,"Mar,Jun,Sept,Dec",5718290,395919,7321.754161331626,506.93854033290654,781
57,d,c,420.0,6.0,2014.0,0,,,,8155633,761161,10591.73116883117,988.5207792207792,770
58,a,c,7340.0,5.0,2008.0,1,27.0,2012.0,"Jan,Apr,Jul,Oct",3947427,319691,6336.158908507223,513.1476725521669,623
59,a,c,2840.0,6.0,2007.0,1,14.0,2011.0,"Jan,Apr,Jul,Oct",4302026,441060,5501.312020460358,564.0153452685422,782
60,d,c,5540.0,10.0,2009.0,0,,,,6265808,556509,8033.087179487179,713.473076923077,780
61,a,c,350.0,12.0,2007.0,1,1.0,2012.0,"Jan,Apr,Jul,Oct",3668998,444241,4722.005148005148,571.7387387387388,777
62,a,a,2050.0,,,0,,,,5066512,559309,6503.86649550706,717.9833119383825,779
63,c,c,3700.0,6.0,2010.0,1,18.0,2010.0,"Feb,May,Aug,Nov",5453808,500860,6956.3877551020405,638.8520408163265,784
64,d,c,22560.0,,,1,14.0,2013.0,"Jan,Apr,Jul,Oct",8070070,617633,10359.525032092426,792.8536585365854,779
65,a,c,13840.0,5.0,2010.0,1,1.0,2012.0,"Jan,Apr,Jul,Oct",3988058,355602,5112.8948717948715,455.9,780
66,d,a,7660.0,,,1,37.0,2009.0,"Jan,Apr,Jul,Oct",4750858,407192,6114.360360360361,524.056628056628,777
67,a,c,410.0,2.0,2006.0,0,,,,6083079,620297,7828.930501930502,798.3230373230373,777
68,a,c,250.0,,,1,35.0,2012.0,"Mar,Jun,Sept,Dec",5929590,903132,7563.252551020408,1151.954081632653,784
69,c,c,1130.0,,,1,40.0,2011.0,"Jan,Apr,Jul,Oct",7362059,924441,9426.451984635083,1183.663252240717,781
70,c,c,4840.0,,,0,,,,5167478,531054,6608.028132992327,679.0971867007672,782
71,a,a,17500.0,8.0,2008.0,1,37.0,2009.0,"Mar,Jun,Sept,Dec",7058595,581851,9061.09756097561,746.9204107830552,779
72,a,a,2200.0,12.0,2009.0,1,13.0,2010.0,"Jan,Apr,Jul,Oct",2753676,295838,4420.025682182985,474.86035313001605,623
73,a,c,1650.0,9.0,2008.0,0,,,,3588351,387402,4576.978316326531,494.13520408163265,784
74,a,a,330.0,,,0,,,,4855145,662877,6256.630154639175,854.2229381443299,776
75,d,c,22440.0,12.0,2013.0,0,,,,4722388,503438,6023.4540816326535,642.140306122449,784
76,d,c,19960.0,3.0,2006.0,0,,,,5606718,578204,8999.54735152488,928.0963081861959,623
77,d,c,1090.0,8.0,2009.0,1,10.0,2014.0,"Jan,Apr,Jul,Oct",5952383,517673,7621.489116517286,662.8335467349552,781
78,a,a,3510.0,11.0,2006.0,1,5.0,2013.0,"Feb,May,Aug,Nov",2899629,385990,3717.473076923077,494.85897435897436,780
79,a,a,3320.0,,,0,,,,4253485,435499,5474.240669240669,560.4877734877734,777
80,d,a,7910.0,,,0,,,,5933077,450064,7616.2734274711165,577.7458279845956,779
81,a,a,2370.0,3.0,2011.0,1,40.0,2014.0,"Jan,Apr,Jul,Oct",4345098,349252,6985.688102893891,561.4983922829582,622
82,a,a,22390.0,4.0,2008.0,1,37.0,2009.0,"Jan,Apr,Jul,Oct",7026310,653238,9019.653401797175,838.5596919127086,779
83,a,a,2710.0,,,0,,,,3028523,269409,3887.7060333761233,345.8395378690629,779
84,a,c,11810.0,8.0,2014.0,0,,,,10092722,1084610,12955.997432605905,1392.3106546854942,779
85,b,a,1870.0,10.0,2011.0,0,,,,6850652,956508,7272.454352441614,1015.4012738853503,942
86,a,a,480.0,2.0,2005.0,1,31.0,2013.0,"Jan,Apr,Jul,Oct",3652727,470659,4695.021850899743,604.9601542416452,778
87,a,a,560.0,12.0,2010.0,0,,,,4598287,578159,5865.161989795918,737.4477040816327,784
88,a,a,10690.0,10.0,2005.0,0,,,,4699058,478523,6024.433333333333,613.4910256410257,780
89,a,a,2380.0,7.0,2004.0,1,40.0,2014.0,"Jan,Apr,Jul,Oct",3714173,388237,5971.33922829582,624.1752411575562,622
90,a,a,330.0,11.0,2007.0,0,,,,6548246,822393,8416.768637532134,1057.060411311054,778
91,c,a,2410.0,,,1,35.0,2011.0,"Jan,Apr,Jul,Oct",4324904,477638,5559.002570694088,613.9305912596401,778
92,c,a,240.0,,,1,45.0,2009.0,"Feb,May,Aug,Nov",4671417,426158,5996.684210526316,547.0577663671373,779
93,a,a,16690.0,,,1,14.0,2011.0,"Jan,Apr,Jul,Oct",4646872,470169,5965.175866495507,603.5545571245186,779
94,d,c,14620.0,,,0,,,,5547371,498672,7121.14377406932,640.1437740693196,779
95,a,a,1890.0,10.0,2014.0,0,,,,5958064,658101,7638.54358974359,843.7192307692308,780
96,a,a,8780.0,2.0,2005.0,1,37.0,2009.0,"Jan,Apr,Jul,Oct",4037973,423364,5176.888461538461,542.774358974359,780
97,d,c,8980.0,,,0,,,,5228649,537288,6703.3961538461535,688.8307692307692,780
98,d,c,15140.0,12.0,2006.0,1,1.0,2012.0,"Jan,Apr,Jul,Oct",3980584,351785,5109.863928112965,451.5853658536585,779
99,c,c,2030.0,11.0,2003.0,1,22.0,2012.0,"Mar,Jun,Sept,Dec",3191184,289554,5130.520900321543,465.5209003215434,622
100,d,a,17930.0,,,0,,,,4826434,415849,7964.412541254125,686.2194719471947,606
101,d,c,2440.0,,,1,22.0,2012.0,"Mar,Jun,Sept,Dec",5856384,609290,7469.877551020408,777.155612244898,784
102,a,a,150.0,12.0,2007.0,1,10.0,2014.0,"Mar,Jun,Sept,Dec",5444156,808768,7061.162127107653,1048.9857328145265,771
103,d,c,5210.0,5.0,2015.0,0,,,,2959073,266040,4689.497622820919,421.6164817749604,631
104,a,a,390.0,6.0,2009.0,0,,,,7939205,1028904,10126.536989795919,1312.3775510204082,784
105,a,c,6190.0,,,1,23.0,2013.0,"Mar,Jun,Sept,Dec",3348791,388347,4441.3673740053055,515.0490716180371,754
106,a,a,1390.0,8.0,2013.0,0,,,,6718335,639877,8668.81935483871,825.6477419354839,775
107,a,a,1930.0,9.0,2009.0,0,,,,5751886,748964,7336.589285714285,955.3112244897959,784
108,d,c,2190.0,9.0,2003.0,0,,,,6863994,527942,11035.360128617363,848.7813504823151,622
109,a,c,3300.0,11.0,2010.0,0,,,,5068030,582023,6464.323979591837,742.3762755102041,784
110,a,c,46590.0,4.0,2013.0,0,,,,3554993,460552,4534.429846938776,587.4387755102041,784
111,d,c,7890.0,,,1,37.0,2009.0,"Jan,Apr,Jul,Oct",5288733,466784,6771.745198463508,597.6747759282971,781
112,a,a,1630.0,9.0,2009.0,0,,,,4883888,608379,6229.448979591837,775.9936224489796,784
113,d,c,20930.0,11.0,1999.0,0,,,,4477826,434973,7199.077170418006,699.3135048231511,622
114,c,a,4510.0,,,1,48.0,2011.0,"Mar,Jun,Sept,Dec",4191703,476770,5346.559948979592,608.125,784
115,d,c,5740.0,4.0,2007.0,1,40.0,2014.0,"Jan,Apr,Jul,Oct",4585191,343372,7371.689710610933,552.0450160771704,622
116,a,a,680.0,4.0,2013.0,0,,,,5711629,593708,7294.54533844189,758.2477650063857,783
117,a,a,3450.0,9.0,2011.0,0,,,,3024044,383319,3881.956354300385,492.06546854942235,779
118,d,c,3580.0,9.0,2012.0,0,,,,6085216,528277,7781.606138107417,675.5460358056266,782
119,a,c,2100.0,2.0,2010.0,0,,,,4707987,521332,6005.085459183673,664.9642857142857,784
120,d,a,2290.0,12.0,2014.0,1,37.0,2009.0,"Jan,Apr,Jul,Oct",5552990,498431,7110.102432778489,638.1959026888604,781
121,a,a,3570.0,11.0,2009.0,1,36.0,2013.0,"Mar,Jun,Sept,Dec",3473474,393208,4453.171794871795,504.1128205128205,780
122,a,c,58260.0,4.0,2013.0,0,,,,5718883,702496,6462.014689265537,793.780790960452,885
123,a,a,16760.0,9.0,2011.0,0,,,,6450589,737109,8399.204427083334,959.77734375,768
124,a,a,1410.0,4.0,2003.0,0,,,,3446410,409507,4424.1463414634145,525.6829268292682,779
125,a,a,760.0,12.0,2005.0,0,,,,9280089,1233970,11836.848214285714,1573.9413265306123,784
126,d,a,3370.0,10.0,2014.0,1,18.0,2011.0,"Feb,May,Aug,Nov",5069540,423630,6507.75353016688,543.8125802310655,779
127,d,a,1350.0,12.0,2005.0,1,13.0,2010.0,"Jan,Apr,Jul,Oct",3263370,411023,5238.154093097914,659.7479935794543,623
128,d,c,2000.0,,,1,1.0,2013.0,"Jan,Apr,Jul,Oct",5822099,464447,7454.672215108835,594.6824583866837,781
129,a,a,2460.0,,,1,14.0,2011.0,"Jan,Apr,Jul,Oct",5727451,724918,9208.120578778135,1165.4630225080386,622
130,c,a,900.0,,,1,13.0,2010.0,"Jan,Apr,Jul,Oct",3999550,448095,5121.062740076824,573.7451984635084,781
131,c,a,920.0,7.0,2015.0,0,,,,4109540,435381,5275.404364569961,558.8973042362003,779
132,d,c,1040.0,,,1,27.0,2012.0,"Jan,Apr,Jul,Oct",3908185,362256,6283.255627009647,582.4051446945338,622
133,a,a,270.0,8.0,2013.0,1,10.0,2014.0,"Mar,Jun,Sept,Dec",5057788,593403,6467.759590792839,758.8273657289003,782
134,a,a,1200.0,9.0,2008.0,0,,,,3705099,387764,4725.8915816326535,494.5969387755102,784
135,d,a,5190.0,,,1,1.0,2013.0,"Jan,Apr,Jul,Oct",4648837,421569,5952.416133162612,539.7810499359795,781
136,a,c,2200.0,12.0,2010.0,1,22.0,2012.0,"Feb,May,Aug,Nov",3414045,263716,5488.818327974276,423.98070739549837,622
137,a,a,1730.0,7.0,2015.0,1,40.0,2014.0,"Jan,Apr,Jul,Oct",5147039,595429,8274.98231511254,957.2813504823151,622
138,a,c,25360.0,10.0,2014.0,0,,,,5721236,557266,7334.917948717949,714.4435897435898,780
139,a,a,1700.0,1.0,2008.0,1,14.0,2011.0,"Jan,Apr,Jul,Oct",4020701,319593,6464.1495176848875,513.8151125401929,622
140,a,c,1090.0,7.0,2010.0,1,1.0,2013.0,"Jan,Apr,Jul,Oct",5833328,752581,7469.049935979513,963.6120358514725,781
141,c,c,1540.0,,,1,22.0,2012.0,"Mar,Jun,Sept,Dec",4305156,475445,5540.741312741313,611.8983268983269,777
142,a,a,1090.0,7.0,2002.0,0,,,,3586489,443045,4603.965340179718,568.7355584082156,779
143,d,a,2930.0,12.0,2002.0,0,,,,4919195,453411,6314.756097560976,582.0423620025674,779
144,a,c,16570.0,,,0,,,,4823879,455556,7718.2064,728.8896,625
145,a,a,280.0,,,1,45.0,2009.0,"Feb,May,Aug,Nov",5072096,770814,8342.263157894737,1267.7861842105262,608
146,d,c,8050.0,10.0,1961.0,1,48.0,2012.0,"Jan,Apr,Jul,Oct",6086195,547187,7812.83055198973,702.4223363286264,779
147,d,c,8540.0,,,0,,,,6397583,685221,8212.558408215662,879.6161745827984,779
148,a,a,2090.0,12.0,2008.0,0,,,,6772949,642470,8638.96556122449,819.4770408163265,784
149,d,a,2610.0,7.0,2006.0,1,14.0,2011.0,"Jan,Apr,Jul,Oct",3462975,302428,5567.483922829582,486.21864951768487,622
150,c,c,31830.0,3.0,2010.0,0,,,,6599117,643191,8417.24107142857,820.3966836734694,784
151,d,c,4360.0,10.0,2005.0,0,,,,5269496,508566,6755.764102564102,652.0076923076923,780
152,a,a,1780.0,,,0,,,,4317171,484073,5541.939666238768,621.403080872914,779
153,a,a,16240.0,10.0,2000.0,1,18.0,2011.0,"Feb,May,Aug,Nov",5505047,493792,7066.812580231065,633.8793324775353,779
154,d,c,16420.0,,,0,,,,6824045,575933,8737.57362355954,737.4302176696543,781
155,d,a,3050.0,,,1,35.0,2010.0,"Jan,Apr,Jul,Oct",4290509,411372,6886.852327447833,660.3081861958267,623
156,a,a,2020.0,2.0,2011.0,1,14.0,2011.0,"Mar,Jun,Sept,Dec",5443980,557269,6961.611253196931,712.6202046035805,782
157,a,c,2950.0,10.0,2004.0,0,,,,7574054,771078,9722.790757381257,989.8305519897305,779
158,d,c,11840.0,,,1,31.0,2009.0,"Feb,May,Aug,Nov",6354198,405068,8156.865211810013,519.9845956354301,779
159,d,a,8530.0,3.0,2013.0,0,,,,4827383,433591,7748.60834670947,695.9727126805778,623
160,d,c,17110.0,11.0,2005.0,0,,,,4475644,436723,5730.658130601792,559.1843790012804,781
161,a,c,2970.0,3.0,2005.0,0,,,,5649774,638171,7252.598202824133,819.2182284980745,779
162,d,c,5340.0,3.0,2012.0,1,13.0,2010.0,"Jan,Apr,Jul,Oct",6066911,433998,7768.131882202305,555.6952624839948,781
163,a,a,1480.0,4.0,2009.0,0,,,,5722186,682711,7298.706632653061,870.8048469387755,784
164,a,a,1160.0,9.0,2005.0,1,13.0,2010.0,"Jan,Apr,Jul,Oct",3868966,394629,6210.218298555377,633.4333868378812,623
165,a,a,3720.0,4.0,2005.0,1,13.0,2010.0,"Jan,Apr,Jul,Oct",2486031,262891,3996.8344051446948,422.65434083601286,622
166,a,c,100.0,4.0,2014.0,1,31.0,2013.0,"Jan,Apr,Jul,Oct",4533193,636652,5819.24646983312,817.2682926829268,779
167,a,a,140.0,4.0,2008.0,0,,,,7250708,823044,9295.779487179487,1055.1846153846154,780
168,a,a,12540.0,,,0,,,,5840824,568177,7517.148005148005,731.2445302445302,777
169,d,a,980.0,7.0,2014.0,1,18.0,2014.0,"Feb,May,Aug,Nov",5529699,526944,7218.92819843342,687.9164490861618,766
170,a,a,1070.0,5.0,2015.0,1,14.0,2011.0,"Jan,Apr,Jul,Oct",3902355,423591,5009.441591784339,543.7625160462131,779
171,a,a,2640.0,,,0,,,,6566306,675584,8429.147625160462,867.2451861360719,779
172,a,a,110.0,,,1,40.0,2014.0,"Jan,Apr,Jul,Oct",4342600,540457,6981.672025723473,868.9019292604502,622
173,a,a,350.0,12.0,2012.0,0,,,,6454502,789125,8232.783163265307,1006.5369897959183,784
174,a,a,13090.0,,,1,22.0,2012.0,"Jan,Apr,Jul,Oct",3692528,298263,5936.540192926045,479.5225080385852,622
175,c,a,4130.0,,,0,,,,4535086,541515,5784.548469387755,690.7079081632653,784
176,a,a,3770.0,,,0,,,,4111700,492327,5278.177150192554,631.9987163029525,779
177,a,a,1250.0,2.0,2004.0,1,5.0,2013.0,"Feb,May,Aug,Nov",3115395,378516,3994.096153846154,485.2769230769231,780
178,d,a,1710.0,,,0,,,,7870142,720381,10089.92564102564,923.5653846153846,780
179,a,c,480.0,,,0,,,,5683019,744593,7295.274711168165,955.8318356867779,779
180,d,a,5800.0,9.0,2010.0,0,,,,5660528,661099,7220.061224489796,843.2385204081633,784
181,a,a,12610.0,3.0,2013.0,1,14.0,2011.0,"Jan,Apr,Jul,Oct",3976421,416656,6382.698234349919,668.7897271268058,623
182,d,c,1390.0,,,1,9.0,2011.0,"Mar,Jun,Sept,Dec",4142935,326297,5304.654289372599,417.79385403329064,781
183,a,a,9670.0,,,0,,,,2945836,367233,4821.335515548281,601.0360065466449,611
184,d,c,3560.0,,,0,,,,5123769,462834,6594.2972972972975,595.6679536679536,777
185,d,c,1860.0,5.0,2015.0,0,,,,5621764,427459,7170.617346938776,545.2283163265306,784
186,a,a,290.0,10.0,2011.0,1,40.0,2014.0,"Jan,Apr,Jul,Oct",2353548,237019,3783.83922829582,381.0594855305466,622
187,a,c,19360.0,,,0,,,,4923311,608155,6279.7334183673465,775.7079081632653,784
188,d,a,850.0,,,1,18.0,2011.0,"Feb,May,Aug,Nov",3884836,341389,4986.952503209242,438.2400513478819,779
189,d,a,5760.0,7.0,2014.0,0,,,,6826322,652121,8762.929396662388,837.1258023106546,779
190,a,a,1470.0,12.0,2006.0,1,40.0,2014.0,"Jan,Apr,Jul,Oct",4477750,408097,7198.954983922829,656.104501607717,622
191,a,a,1100.0,8.0,2013.0,1,40.0,2014.0,"Jan,Apr,Jul,Oct",4253819,444020,6838.9372990353695,713.8585209003215,622
192,d,c,2770.0,3.0,2008.0,1,40.0,2014.0,"Jan,Apr,Jul,Oct",5608471,401447,9016.834405144695,645.4131832797427,622
193,a,a,520.0,,,0,,,,4166302,607349,5362.036036036036,781.6589446589446,777
194,d,c,16970.0,,,1,5.0,2013.0,"Feb,May,Aug,Nov",3752516,324514,4829.492921492922,417.6499356499356,777
195,a,c,220.0,,,0,,,,8345567,1011485,10713.17971758665,1298.4403080872914,779
196,c,a,3850.0,11.0,2005.0,1,14.0,2011.0,"Jan,Apr,Jul,Oct",4079175,544939,5216.3363171355495,696.8529411764706,782
197,c,a,4210.0,3.0,2015.0,0,,,,5367788,660348,6846.668367346939,842.280612244898,784
198,a,a,290.0,9.0,2002.0,1,13.0,2010.0,"Jan,Apr,Jul,Oct",2268273,264690,2900.6048593350383,338.4782608695652,782
199,d,c,6360.0,12.0,2010.0,1,14.0,2012.0,"Mar,Jun,Sept,Dec",6197488,486550,7955.697047496791,624.5827984595635,779
200,a,a,1650.0,10.0,2000.0,0,,,,6021315,753802,7729.5442875481385,967.6534017971759,779
201,d,a,20260.0,,,1,18.0,2014.0,"Mar,Jun,Sept,Dec",4089245,346044,5249.351732991014,444.21566110397947,779
202,d,c,5140.0,5.0,2010.0,0,,,,4737388,397835,6065.797695262484,509.39180537772086,781
203,c,c,490.0,11.0,2002.0,0,,,,5298238,690154,6775.240409207161,882.5498721227622,782
204,a,a,5630.0,12.0,2002.0,1,40.0,2014.0,"Jan,Apr,Jul,Oct",3412446,326039,5486.247588424438,524.1784565916398,622
205,a,a,110.0,12.0,2007.0,0,,,,5124867,689282,6536.820153061224,879.1862244897959,784
206,a,c,380.0,,,1,14.0,2012.0,"Jan,Apr,Jul,Oct",5575733,623126,7157.551989730424,799.9050064184852,779
207,a,a,6870.0,,,0,,,,8768418,1019499,11184.206632653062,1300.3813775510205,784
208,c,a,300.0,4.0,2006.0,0,,,,2302052,324162,2936.2908163265306,413.4719387755102,784
209,a,c,11680.0,9.0,2011.0,1,31.0,2013.0,"Jan,Apr,Jul,Oct",4928424,509083,5587.78231292517,577.1916099773242,882
210,d,a,970.0,11.0,1999.0,1,5.0,2013.0,"Feb,May,Aug,Nov",2488114,254156,3193.98459563543,326.25930680359437,779
211,a,c,350.0,11.0,2006.0,0,,,,10187567,1164871,12994.345663265307,1485.8048469387754,784
212,a,c,15050.0,9.0,2008.0,0,,,,3744115,361234,4775.656887755102,460.7576530612245,784
213,d,c,4030.0,3.0,2014.0,1,1.0,2014.0,"Jan,Apr,Jul,Oct",6334081,508427,8131.0410783055195,652.6662387676508,779
214,d,a,8650.0,7.0,2013.0,1,10.0,2014.0,"Jan,Apr,Jul,Oct",7269531,557336,9331.875481386392,715.4505776636714,779
215,d,a,150.0,,,1,45.0,2009.0,"Feb,May,Aug,Nov",3920679,304466,6313.492753623188,490.28341384863126,621
216,c,a,190.0,,,1,45.0,2009.0,"Feb,May,Aug,Nov",5607978,688834,7226.775773195876,887.6726804123712,776
217,c,a,3150.0,,,0,,,,3685496,504018,4700.8877551020405,642.8801020408164,784
218,a,c,640.0,,,1,9.0,2011.0,"Mar,Jun,Sept,Dec",3121555,433160,5018.577170418006,696.3987138263666,622
219,a,a,1640.0,2.0,2013.0,0,,,,2441162,316620,3133.712451861361,406.4441591784339,779
220,a,a,1000.0,9.0,2008.0,0,,,,3807392,500228,4906.432989690722,644.6237113402062,776
221,d,c,13530.0,9.0,2013.0,0,,,,4564321,433356,5821.838010204082,552.75,784
222,a,a,2170.0,11.0,2008.0,0,,,,3906246,440266,4982.456632653061,561.5637755102041,784
223,d,c,2920.0,10.0,1995.0,1,27.0,2011.0,"Jan,Apr,Jul,Oct",5656109,577676,7232.875959079284,738.7161125319693,782
224,d,c,7930.0,,,1,1.0,2013.0,"Jan,Apr,Jul,Oct",5151315,371919,6629.749034749035,478.66023166023166,777
225,d,a,10180.0,5.0,2015.0,0,,,,4064054,435047,5197.0,556.3260869565217,782
226,a,a,450.0,,,0,,,,5667944,549052,7257.290653008963,703.01152368758,781
227,a,a,2370.0,,,0,,,,4623704,430968,6020.447916666667,561.15625,768
228,d,c,10800.0,,,1,18.0,2011.0,"Feb,May,Aug,Nov",6190043,462038,7946.139922978177,593.1168164313223,779
229,d,c,17410.0,4.0,2007.0,1,14.0,2011.0,"Jan,Apr,Jul,Oct",6734738,571982,8645.36328626444,734.2516046213094,779
230,d,c,6680.0,9.0,2013.0,0,,,,5928326,737138,7561.640306122449,940.2270408163265,784
231,d,c,3840.0,10.0,2008.0,1,39.0,2010.0,"Feb,May,Aug,Nov",2967114,245380,4770.279742765273,394.5016077170418,622
232,c,c,13570.0,5.0,2010.0,1,10.0,2013.0,"Mar,Jun,Sept,Dec",2583221,232738,3372.351174934726,303.8355091383812,766
233,a,a,1890.0,,,0,,,,7365681,805731,9431.089628681179,1031.6658130601793,781
234,d,a,4370.0,,,0,,,,8625334,798258,11072.315789473685,1024.721437740693,779
235,a,a,5710.0,3.0,2012.0,1,37.0,2009.0,"Jan,Apr,Jul,Oct",4635585,391382,5935.44814340589,501.12932138284253,781
236,a,a,1000.0,11.0,2007.0,0,,,,5581738,677994,7119.563775510204,864.7882653061224,784
237,a,a,1420.0,11.0,2007.0,0,,,,3556217,450589,4535.991071428572,574.7308673469388,784
238,a,a,320.0,,,1,45.0,2009.0,"Feb,May,Aug,Nov",5868876,843640,7661.718015665796,1101.3577023498694,766
239,d,c,610.0,,,0,,,,3950473,367741,5071.210526315789,472.0680359435173,779
240,a,a,1110.0,5.0,2009.0,0,,,,3772636,360447,4812.035714285715,459.75382653061223,784
241,d,c,780.0,,,0,,,,5128334,548976,6583.227214377407,704.7188703465982,779
242,d,a,6880.0,9.0,2001.0,1,14.0,2011.0,"Jan,Apr,Jul,Oct",3196707,285726,4093.0947503201023,365.84635083226635,781
243,a,a,310.0,,,1,5.0,2013.0,"Feb,May,Aug,Nov",4407146,594010,7074.07062600321,953.4670947030497,623
244,d,a,710.0,3.0,2012.0,1,1.0,2012.0,"Jan,Apr,Jul,Oct",4106186,420927,5271.098844672657,540.3427471116817,779
245,a,c,1310.0,,,0,,,,6949075,797211,8897.663252240716,1020.7567221510883,781
246,c,a,4660.0,4.0,2013.0,0,,,,5551547,734843,7081.054846938776,937.2997448979592,784
247,d,c,70.0,11.0,2010.0,1,5.0,2013.0,"Feb,May,Aug,Nov",6698411,534178,8576.710627400767,683.966709346991,781
248,a,c,340.0,9.0,2012.0,1,40.0,2012.0,"Jan,Apr,Jul,Oct",6555942,872228,8362.170918367347,1112.5357142857142,784
249,d,c,18010.0,9.0,2014.0,0,,,,4144086,421584,5285.823979591837,537.734693877551,784
250,d,a,3520.0,,,1,18.0,2012.0,"Feb,May,Aug,Nov",6615557,513850,8470.623559539052,657.9385403329065,781
251,a,c,340.0,,,0,,,,14896870,1908934,19123.068035943517,2450.4929396662387,779
252,d,c,22330.0,,,1,5.0,2010.0,"Feb,May,Aug,Nov",8269484,630702,10615.512195121952,809.630295250321,779
253,a,c,250.0,,,1,5.0,2013.0,"Feb,May,Aug,Nov",4476698,538066,5746.724005134788,690.7137355584082,779
254,d,a,330.0,3.0,2008.0,1,1.0,2012.0,"Mar,Jun,Sept,Dec",2341661,201507,3005.9833119383825,258.6739409499358,779
255,c,c,4630.0,3.0,2011.0,1,35.0,2011.0,"Feb,May,Aug,Nov",4885211,498843,6271.130937098845,640.3632862644416,779
256,a,c,80.0,9.0,2005.0,1,10.0,2014.0,"Mar,Jun,Sept,Dec",7630314,967823,9832.87886597938,1247.194587628866,776
257,a,a,420.0,12.0,2012.0,0,,,,4183099,495496,5335.585459183673,632.0102040816327,784
258,a,a,27190.0,7.0,2010.0,1,37.0,2009.0,"Jan,Apr,Jul,Oct",3509384,307197,5642.096463022508,493.88585209003213,622
259,b,b,210.0,,,0,,,,10851871,2210980,11643.638412017168,2372.296137339056,932
260,a,a,540.0,10.0,2011.0,0,,,,5143038,714576,6559.997448979592,911.4489795918367,784
261,d,c,15340.0,4.0,2015.0,1,39.0,2009.0,"Jan,Apr,Jul,Oct",9828244,739220,12616.487804878048,948.9345314505777,779
262,b,a,1180.0,5.0,2013.0,0,,,,19516842,3204694,20718.51592356688,3402.0106157112527,942
263,a,c,1140.0,5.0,2013.0,1,40.0,2014.0,"Jan,Apr,Jul,Oct",2306075,221342,3707.516077170418,355.85530546623795,622
264,a,a,180.0,3.0,2014.0,0,,,,5512491,727234,7234.240157480315,954.3753280839895,762
265,a,a,4580.0,,,1,14.0,2015.0,"Jan,Apr,Jul,Oct",3859812,392036,4954.829268292683,503.25545571245186,779
266,a,c,360.0,3.0,2014.0,1,9.0,2011.0,"Mar,Jun,Sept,Dec",3424011,414483,4389.757692307692,531.3884615384616,780
267,c,a,2460.0,1.0,2012.0,0,,,,7282702,881620,9289.160714285714,1124.515306122449,784
268,a,a,4520.0,2.0,2014.0,0,,,,3826840,468855,4881.173469387755,598.0293367346939,784
269,a,c,60.0,6.0,2015.0,0,,,,7281084,959027,9346.706033376124,1231.1001283697049,779
270,a,a,1450.0,7.0,2014.0,0,,,,7284633,944773,9291.623724489797,1205.0676020408164,784
271,a,a,420.0,,,1,14.0,2011.0,"Jan,Apr,Jul,Oct",6116519,617651,7841.691025641026,791.8602564102564,780
272,a,a,16180.0,7.0,2003.0,1,14.0,2011.0,"Jan,Apr,Jul,Oct",4871343,491687,6237.314980793854,629.5608194622279,781
273,a,c,8480.0,,,0,,,,5499466,548145,7059.648267008986,703.6521181001284,779
274,b,b,3640.0,,,1,10.0,2013.0,"Jan,Apr,Jul,Oct",3794012,925235,4070.8283261802576,992.7414163090128,932
275,d,a,300.0,5.0,2014.0,1,40.0,2014.0,"Jan,Apr,Jul,Oct",4630070,466063,7443.842443729904,749.2974276527331,622
276,a,a,2960.0,10.0,2014.0,1,36.0,2013.0,"Mar,Jun,Sept,Dec",3191132,406340,4091.1948717948717,520.9487179487179,780
277,d,c,7840.0,,,1,31.0,2009.0,"Feb,May,Aug,Nov",4008491,332923,6444.519292604502,535.2459807073955,622
278,a,c,9260.0,2.0,2010.0,0,,,,5599459,621398,7142.1670918367345,792.5994897959183,784
279,d,c,2320.0,,,1,40.0,2012.0,"Jan,Apr,Jul,Oct",5532919,415873,8881.08988764045,667.5329052969503,623
280,d,c,18640.0,9.0,2013.0,1,10.0,2014.0,"Mar,Jun,Sept,Dec",4869839,404863,6267.489060489061,521.0592020592021,777
281,d,c,6970.0,9.0,2011.0,0,,,,4594724,430929,5860.617346938776,549.6543367346939,784
282,a,a,1220.0,12.0,2010.0,0,,,,3456330,502531,4408.584183673469,640.983418367347,784
283,a,a,2260.0,,,1,40.0,2014.0,"Jan,Apr,Jul,Oct",4425007,446799,7114.1591639871385,718.3263665594856,622
284,d,a,1290.0,,,1,40.0,2014.0,"Jan,Apr,Jul,Oct",3367042,279858,5413.250803858521,449.93247588424435,622
285,a,a,2410.0,,,0,,,,4025996,367256,5154.924455825864,470.2381562099872,781
286,a,a,1460.0,4.0,2015.0,0,,,,3838772,335325,4927.8202824133505,430.45571245186136,779
287,c,a,2740.0,5.0,2009.0,1,40.0,2014.0,"Jan,Apr,Jul,Oct",5070793,509417,8152.400321543409,818.9983922829582,622
288,d,a,800.0,,,1,14.0,2011.0,"Mar,Jun,Sept,Dec",3499206,262806,5625.733118971061,422.5176848874598,622
289,d,a,6540.0,12.0,2007.0,0,,,,4936879,432447,6321.227912932139,553.7093469910371,781
290,a,a,4150.0,5.0,2001.0,0,,,,5464029,531828,7014.1578947368425,682.7060333761233,779
291,d,a,,,,0,,,,6257971,655473,8023.039743589744,840.35,780
292,a,a,1100.0,6.0,2009.0,0,,,,4422953,541196,5774.090078328982,706.5221932114882,766
293,c,c,140.0,11.0,2007.0,0,,,,4899830,638439,6257.765006385696,815.3754789272031,783
294,a,a,3150.0,5.0,2005.0,0,,,,4506589,598265,5770.280409731114,766.0243277848912,781
295,a,a,210.0,11.0,2000.0,1,36.0,2013.0,"Mar,Jun,Sept,Dec",4106780,521352,5285.4311454311455,670.980694980695,777
296,a,a,9580.0,5.0,2007.0,1,45.0,2014.0,"Feb,May,Aug,Nov",5438463,589505,6963.460947503201,754.8079385403329,781
297,a,a,2300.0,9.0,2010.0,0,,,,5432839,559386,6992.070785070785,719.9305019305019,777
298,d,a,19840.0,7.0,2009.0,0,,,,5223940,429979,8398.617363344052,691.2845659163987,622
299,d,c,38630.0,9.0,2012.0,0,,,,5499540,602255,6235.306122448979,682.8287981859411,882
300,a,c,120.0,4.0,2009.0,1,1.0,2012.0,"Jan,Apr,Jul,Oct",5534680,687137,7077.595907928388,878.6918158567775,782
301,a,c,4510.0,3.0,2015.0,0,,,,4342138,467376,5538.441326530612,596.1428571428571,784
302,d,c,2190.0,12.0,2007.0,1,9.0,2011.0,"Mar,Jun,Sept,Dec",2922724,252528,3742.2842509603074,323.3393085787452,781
303,a,a,15430.0,11.0,2012.0,1,18.0,2011.0,"Feb,May,Aug,Nov",4740126,516285,6180.086049543676,673.122555410691,767
304,a,a,1950.0,7.0,2015.0,0,,,,5541079,827856,7067.702806122449,1055.938775510204,784
305,c,c,2470.0,2.0,2005.0,1,31.0,2013.0,"Mar,Jun,Sept,Dec",4176274,396325,5347.341869398208,507.4583866837388,781
306,a,a,5100.0,4.0,2007.0,1,40.0,2014.0,"Jan,Apr,Jul,Oct",2717435,291021,4368.86655948553,467.87942122186496,622
307,a,a,18660.0,9.0,2002.0,0,,,,2114322,240704,2703.7365728900254,307.8056265984655,782
308,a,a,1070.0,12.0,2006.0,1,13.0,2010.0,"Jan,Apr,Jul,Oct",7183229,720753,9353.162760416666,938.48046875,768
309,d,a,8740.0,,,1,37.0,2009.0,"Feb,May,Aug,Nov",5430658,460414,6971.319640564827,591.0320924261874,779
310,a,c,2290.0,,,1,10.0,2014.0,"Mar,Jun,Sept,Dec",7388018,627604,8236.363433667782,699.670011148272,897
311,a,c,680.0,7.0,2005.0,0,,,,5184737,616333,6638.587708066581,789.1587708066581,781
312,d,a,11300.0,3.0,2012.0,0,,,,4348731,420688,5568.157490396927,538.6530089628682,781
313,d,c,14160.0,,,0,,,,5533037,552885,7075.494884910486,707.0140664961637,782
314,a,a,3560.0,10.0,2001.0,1,31.0,2013.0,"Feb,May,Aug,Nov",4002280,445010,5137.715019255455,571.2580231065468,779
315,a,c,38710.0,4.0,2013.0,0,,,,3333890,352465,4252.410714285715,449.57270408163265,784
316,d,a,9000.0,8.0,2001.0,0,,,,7677532,702532,9855.62516046213,901.8382541720154,779
317,d,a,3140.0,7.0,2013.0,1,14.0,2011.0,"Jan,Apr,Jul,Oct",3346040,360336,5379.4855305466235,579.3183279742765,622
318,d,c,32330.0,3.0,2014.0,0,,,,5871619,513822,7527.716666666666,658.7461538461539,780
319,a,c,570.0,9.0,2012.0,1,27.0,2012.0,"Mar,Jun,Sept,Dec",6105068,661449,7787.076530612245,843.6849489795918,784
320,a,c,210.0,9.0,2012.0,0,,,,11630218,1617489,14834.461734693878,2063.123724489796,784
321,c,c,8140.0,11.0,2013.0,1,10.0,2014.0,"Mar,Jun,Sept,Dec",4647488,456662,5958.317948717949,585.4641025641025,780
322,a,a,17500.0,4.0,2001.0,1,37.0,2009.0,"Jan,Apr,Jul,Oct",3926557,428432,5021.1726342711,547.8670076726343,782
323,d,c,8400.0,4.0,2012.0,1,5.0,2013.0,"Feb,May,Aug,Nov",5737615,483870,7365.359435173299,621.1424903722722,779
324,a,a,13140.0,,,1,14.0,2011.0,"Jan,Apr,Jul,Oct",4436629,562953,5687.985897435898,721.7346153846154,780
325,a,c,350.0,3.0,2011.0,1,22.0,2011.0,"Feb,May,Aug,Nov",5051539,524314,6484.645699614891,673.0603337612323,779
326,d,a,10070.0,5.0,2015.0,1,31.0,2013.0,"Feb,May,Aug,Nov",3901936,326200,5008.903722721438,418.74197689345317,779
327,c,c,1390.0,12.0,2004.0,0,,,,6012573,723138,7728.242930591259,929.4832904884319,778
328,a,a,3130.0,7.0,2002.0,0,,,,3452551,405391,4432.029525032092,520.3992297817715,779
329,a,a,1310.0,6.0,1990.0,1,22.0,2012.0,"Mar,Jun,Sept,Dec",5385006,483386,6912.716302952504,620.5211810012837,779
330,a,c,370.0,,,1,22.0,2012.0,"Mar,Jun,Sept,Dec",3245811,348645,4166.6379974326055,447.5545571245186,779
331,a,c,670.0,,,1,14.0,2015.0,"Jan,Apr,Jul,Oct",4799307,638940,6160.85622593068,820.2053915275994,779
332,a,a,1840.0,3.0,2006.0,0,,,,2908282,391168,3728.5666666666666,501.4974358974359,780
333,a,c,3720.0,2.0,2010.0,0,,,,7662181,993414,9773.190051020409,1267.109693877551,784
334,d,c,4040.0,8.0,2008.0,1,18.0,2013.0,"Mar,Jun,Sept,Dec",4228712,437907,5428.385109114249,562.1399229781772,779
335,b,a,90.0,,,1,31.0,2013.0,"Jan,Apr,Jul,Oct",12541731,2246936,13313.93949044586,2385.2823779193204,942
336,a,a,190.0,7.0,2014.0,0,,,,10850316,1529043,13910.661538461538,1960.3115384615385,780
337,d,c,10600.0,7.0,2005.0,1,45.0,2014.0,"Feb,May,Aug,Nov",3943779,299850,5049.653008962868,383.93085787451986,781
338,a,c,1590.0,,,1,37.0,2009.0,"Jan,Apr,Jul,Oct",5637222,487915,7217.95390524968,624.7311139564661,781
339,a,c,2280.0,,,1,10.0,2013.0,"Mar,Jun,Sept,Dec",3881031,513596,5133.638888888889,679.3597883597884,756
340,a,c,8080.0,,,0,,,,5084744,560590,6485.642857142857,715.0382653061224,784
341,a,a,190.0,9.0,2011.0,0,,,,4293485,584355,5511.534017971759,750.1347881899871,779
342,d,c,15770.0,,,1,40.0,2014.0,"Jan,Apr,Jul,Oct",6895670,527685,11104.138486312399,849.7342995169082,621
343,d,a,18650.0,4.0,2004.0,1,14.0,2014.0,"Jan,Apr,Jul,Oct",5608306,546982,7199.365853658536,702.1591784338896,779
344,a,c,300.0,4.0,2011.0,1,14.0,2011.0,"Jan,Apr,Jul,Oct",6649189,893298,8481.108418367347,1139.4107142857142,784
345,a,a,120.0,,,1,22.0,2012.0,"Jan,Apr,Jul,Oct",2836062,307503,4559.585209003216,494.37781350482317,622
346,a,c,8090.0,,,0,,,,5320960,482745,6830.500641848524,619.6983311938383,779
347,d,c,9360.0,7.0,2013.0,1,22.0,2012.0,"Mar,Jun,Sept,Dec",3732856,300454,4804.190476190476,386.68468468468467,777
348,a,a,16490.0,,,1,22.0,2012.0,"Jan,Apr,Jul,Oct",5255376,439128,8802.97487437186,735.5577889447236,597
349,c,c,1490.0,4.0,2009.0,0,,,,5711451,580713,8159.215714285714,829.59,700
350,d,a,8880.0,,,1,14.0,2011.0,"Jan,Apr,Jul,Oct",5477257,413472,7013.133162612035,529.4135723431498,781
351,a,a,5290.0,11.0,2012.0,1,5.0,2013.0,"Feb,May,Aug,Nov",4710510,404164,6046.867779204108,518.8241335044929,779
352,d,c,6360.0,,,1,40.0,2012.0,"Mar,Jun,Sept,Dec",5246710,499372,6692.232142857143,636.954081632653,784
353,b,b,900.0,,,1,14.0,2013.0,"Feb,May,Aug,Nov",5255773,1349510,5645.298603651987,1449.5273899033298,931
354,d,c,1500.0,10.0,2005.0,0,,,,6536263,549547,8390.581514762516,705.4518613607189,779
355,a,c,9720.0,8.0,2013.0,0,,,,7172668,863704,9148.811224489797,1101.6632653061224,784
356,d,c,8970.0,12.0,2007.0,1,22.0,2012.0,"Feb,May,Aug,Nov",4443882,338618,5719.281853281854,435.8018018018018,777
357,a,a,2060.0,10.0,2008.0,0,,,,5986921,781188,7795.470052083333,1017.171875,768
358,a,a,2890.0,10.0,2003.0,0,,,,8028461,874499,10306.111681643133,1122.591784338896,779
359,d,c,4370.0,,,0,,,,5337128,476709,6851.255455712452,611.9499358151476,779
360,a,a,2040.0,6.0,2007.0,0,,,,5437400,593128,6935.459183673469,756.5408163265306,784
361,c,c,4490.0,5.0,2014.0,1,5.0,2013.0,"Feb,May,Aug,Nov",4888169,497502,6266.883333333333,637.8230769230769,780
362,c,c,340.0,,,0,,,,7323168,898633,9376.65556978233,1150.6184379001281,781
363,a,a,250.0,9.0,2009.0,0,,,,5593213,734675,7134.2002551020405,937.0854591836735,784
364,a,c,13620.0,,,1,10.0,2014.0,"Mar,Jun,Sept,Dec",3510451,437640,4553.114137483787,567.6264591439689,771
365,c,a,2410.0,,,1,45.0,2009.0,"Feb,May,Aug,Nov",3378609,364655,5440.594202898551,587.2061191626409,621
366,d,c,6470.0,12.0,2004.0,0,,,,4833475,468724,6196.76282051282,600.9282051282051,780
367,d,c,2640.0,9.0,2012.0,0,,,,4119323,425547,5254.238520408163,542.7895408163265,784
368,d,c,1450.0,4.0,2005.0,1,45.0,2009.0,"Feb,May,Aug,Nov",7526231,553908,9686.268983268983,712.8803088803089,777
369,d,c,5870.0,4.0,2014.0,0,,,,5354973,450860,6856.559539052497,577.2855313700384,781
370,d,a,8250.0,10.0,2000.0,1,31.0,2009.0,"Jan,Apr,Jul,Oct",5959072,495158,7649.643132220795,635.6328626444159,779
371,d,c,1970.0,7.0,2009.0,1,45.0,2014.0,"Feb,May,Aug,Nov",5380900,425185,6889.756722151088,544.4110115236875,781
372,d,c,4880.0,8.0,2010.0,1,18.0,2014.0,"Jan,Apr,Jul,Oct",6844455,591494,8786.206675224646,759.2991014120668,779
373,d,c,11120.0,,,1,22.0,2012.0,"Jan,Apr,Jul,Oct",3520201,245955,4530.5032175032175,316.5444015444015,777
374,a,a,1150.0,9.0,2007.0,0,,,,5495584,650513,7009.673469387755,829.7359693877551,784
375,a,c,15710.0,2.0,2013.0,1,37.0,2009.0,"Jan,Apr,Jul,Oct",7148220,592001,9164.384615384615,758.975641025641,780
376,a,a,160.0,8.0,2012.0,0,,,,6548133,735270,8460.12015503876,949.9612403100775,774
377,a,c,100.0,6.0,2010.0,1,18.0,2010.0,"Feb,May,Aug,Nov",6129725,760021,7818.526785714285,969.4145408163265,784
378,a,c,2140.0,8.0,2012.0,0,,,,4927020,755752,6324.801026957638,970.1566110397946,779
379,d,a,6630.0,,,0,,,,3059341,366551,3902.220663265306,467.5395408163265,784
380,a,a,2240.0,5.0,2013.0,1,10.0,2014.0,"Mar,Jun,Sept,Dec",11261676,1075375,14456.580231065469,1380.4557124518615,779
381,a,a,1800.0,11.0,2006.0,1,5.0,2013.0,"Feb,May,Aug,Nov",7021213,752849,9001.555128205127,965.1910256410256,780
382,c,c,26130.0,11.0,2002.0,0,,,,6228961,507968,7985.847435897436,651.2410256410257,780
383,a,c,350.0,,,0,,,,13489879,1720249,17294.716666666667,2205.4474358974358,780
384,a,c,130.0,,,1,14.0,2011.0,"Jan,Apr,Jul,Oct",6937572,781105,8871.575447570332,998.8554987212276,782
385,d,a,4580.0,9.0,2007.0,0,,,,4570779,407132,7348.519292604502,654.5530546623794,622
386,d,c,1460.0,4.0,2014.0,1,31.0,2013.0,"Jan,Apr,Jul,Oct",6255013,502764,8029.541720154044,645.3966623876765,779
387,c,a,210.0,,,1,36.0,2013.0,"Mar,Jun,Sept,Dec",7171744,915984,9362.590078328982,1195.8015665796345,766
388,a,a,2260.0,,,0,,,,7990920,854131,10257.920410783056,1096.4454428754814,779
389,a,c,6690.0,8.0,2011.0,0,,,,8104523,992082,10337.401785714286,1265.4107142857142,784
390,a,c,1600.0,4.0,2009.0,0,,,,9023552,832564,11568.65641025641,1067.3897435897436,780
391,a,a,460.0,11.0,2014.0,1,31.0,2013.0,"Feb,May,Aug,Nov",4392619,530324,5719.555989583333,690.5260416666666,768
392,a,a,2120.0,,,0,,,,5670675,559386,7279.428754813864,718.0821566110397,779
393,d,c,4820.0,3.0,2008.0,0,,,,4598489,457473,5903.06675224647,587.2567394094993,779
394,d,a,10850.0,,,0,,,,6523885,516922,8353.245838668374,661.8719590268886,781
395,a,a,3620.0,2.0,2013.0,0,,,,3107536,404811,3989.1347881899874,519.6546854942234,779
396,a,c,23130.0,,,0,,,,7973232,840769,10222.092307692308,1077.9089743589743,780
397,a,c,130.0,,,1,27.0,2013.0,"Feb,May,Aug,Nov",4342834,584418,5574.883183568678,750.2156611039794,779
398,c,c,1540.0,,,1,1.0,2012.0,"Jan,Apr,Jul,Oct",4309274,481859,5496.522959183673,614.6160714285714,784
399,a,a,5360.0,9.0,2012.0,1,40.0,2011.0,"Jan,Apr,Jul,Oct",3457604,351419,5558.84887459807,564.9823151125402,622
400,a,a,70.0,11.0,2004.0,1,14.0,2011.0,"Jan,Apr,Jul,Oct",6839152,938908,8745.718670076727,1200.6496163682864,782
401,a,c,9200.0,10.0,2009.0,1,14.0,2012.0,"Jan,Apr,Jul,Oct",5480695,504539,7026.532051282052,646.8448717948718,780
402,c,c,5830.0,9.0,2011.0,1,13.0,2010.0,"Jan,Apr,Jul,Oct",4569233,480033,5857.991025641026,615.4269230769231,780
403,a,a,4970.0,7.0,2015.0,0,,,,5817980,573879,7468.523748395379,736.6867779204108,779
404,a,c,1420.0,,,1,10.0,2013.0,"Mar,Jun,Sept,Dec",3631985,433625,4785.223978919631,571.3109354413702,759
405,a,a,1080.0,4.0,2008.0,1,14.0,2011.0,"Jan,Apr,Jul,Oct",3521625,379921,4520.699614890886,487.70346598202826,779
406,d,c,8240.0,3.0,2001.0,1,10.0,2013.0,"Feb,May,Aug,Nov",4760515,369296,6111.059050064185,474.06418485237486,779
407,a,a,5890.0,10.0,2003.0,1,14.0,2011.0,"Feb,May,Aug,Nov",2417555,195715,3886.744372990354,314.65434083601286,622
408,c,a,1560.0,,,1,45.0,2009.0,"Feb,May,Aug,Nov",3673481,361353,4727.774774774774,465.0617760617761,777
409,d,c,840.0,,,1,1.0,2013.0,"Jan,Apr,Jul,Oct",4316867,424611,5527.358514724712,543.6760563380282,781
410,c,a,40.0,11.0,2011.0,1,22.0,2012.0,"Mar,Jun,Sept,Dec",5019781,624920,6443.878048780488,802.2079589216945,779
411,d,c,8460.0,,,0,,,,7133158,547362,9133.364916773367,700.8476312419974,781
412,d,c,4460.0,,,1,39.0,2010.0,"Jan,Apr,Jul,Oct",5661520,401013,9102.122186495177,644.7154340836013,622
413,a,c,760.0,9.0,2014.0,0,,,,4390211,553592,7058.2170418006435,890.0192926045016,622
414,d,c,6210.0,,,1,1.0,2013.0,"Jan,Apr,Jul,Oct",5020250,378114,6427.97695262484,484.14084507042253,781
415,d,c,6910.0,4.0,2005.0,0,,,,4863171,406599,6234.834615384615,521.2807692307692,780
416,a,c,4650.0,6.0,2014.0,0,,,,8633413,1096337,11012.00637755102,1398.3890306122448,784
417,a,c,840.0,,,1,10.0,2014.0,"Jan,Apr,Jul,Oct",5946326,626318,7633.281129653402,804.002567394095,779
418,a,a,1060.0,5.0,2009.0,1,27.0,2011.0,"Feb,May,Aug,Nov",4094061,428005,5275.851804123711,551.5528350515464,776
419,c,a,1620.0,9.0,2009.0,0,,,,4163948,668016,5311.158163265306,852.0612244897959,784
420,d,c,250.0,,,1,27.0,2012.0,"Jan,Apr,Jul,Oct",2824092,250784,4540.3408360128615,403.1897106109325,622
421,c,c,3530.0,6.0,2012.0,1,35.0,2012.0,"Mar,Jun,Sept,Dec",7517189,795282,9588.251275510203,1014.390306122449,784
422,a,c,2880.0,,,0,,,,3574303,364186,4559.059948979592,464.5229591836735,784
423,b,a,1270.0,5.0,2014.0,0,,,,10200356,1776735,10828.403397027601,1886.1305732484077,942
424,d,c,1250.0,,,1,40.0,2011.0,"Jan,Apr,Jul,Oct",5395164,602495,6925.756097560976,773.421052631579,779
425,d,c,1460.0,,,0,,,,2512424,337080,3237.659793814433,434.3814432989691,776
426,a,a,250.0,,,0,,,,3948281,493761,5068.396662387677,633.839537869063,779
427,a,c,70.0,7.0,2005.0,1,13.0,2010.0,"Jan,Apr,Jul,Oct",4761741,480391,7643.243980738363,771.0930979133226,623
428,d,a,2960.0,12.0,2014.0,1,23.0,2015.0,"Mar,Jun,Sept,Dec",3910828,327530,6287.5048231511255,526.5755627009646,622
429,d,c,16350.0,7.0,2005.0,1,31.0,2013.0,"Jan,Apr,Jul,Oct",3309752,267103,5321.144694533762,429.4260450160772,622
430,d,c,12870.0,10.0,2008.0,0,,,,5369397,435346,8632.471061093247,699.9131832797427,622
431,d,c,4520.0,,,0,,,,7419918,780912,9524.926829268292,1002.4544287548139,779
432,a,a,810.0,5.0,2013.0,0,,,,8610571,1218907,10982.871173469388,1554.7283163265306,784
433,a,c,30030.0,11.0,2010.0,0,,,,4621066,530762,5360.865429234339,615.7331786542924,862
434,a,a,13020.0,8.0,2003.0,1,40.0,2014.0,"Jan,Apr,Jul,Oct",6160800,461312,9904.823151125402,741.6591639871383,622
435,a,a,910.0,,,0,,,,2553322,299263,3277.6919127086007,384.1630295250321,779
436,d,a,2300.0,,,0,,,,4297398,481058,5509.484615384616,616.7410256410257,780
437,c,c,430.0,,,1,50.0,2010.0,"Jan,Apr,Jul,Oct",5746040,567017,7366.717948717948,726.9448717948718,780
438,d,c,1110.0,,,1,40.0,2012.0,"Jan,Apr,Jul,Oct",4019904,408975,5153.723076923077,524.3269230769231,780
439,a,a,1350.0,9.0,2009.0,0,,,,5719235,693947,7294.942602040816,885.1364795918367,784
440,d,a,3900.0,4.0,2005.0,1,45.0,2009.0,"Feb,May,Aug,Nov",4006273,457624,5156.078507078507,588.9626769626769,777
441,d,a,2530.0,,,0,,,,4929786,545030,6328.351732991014,699.6534017971759,779
442,c,a,500.0,,,1,45.0,2009.0,"Feb,May,Aug,Nov",3402587,358458,4379.133848133848,461.33590733590734,777
443,d,a,11400.0,12.0,2005.0,0,,,,4095855,381307,5251.096153846154,488.8551282051282,780
444,c,a,1700.0,11.0,2009.0,0,,,,9470625,1105765,12188.706563706564,1423.1209781209782,777
445,a,a,240.0,,,0,,,,6673717,1052928,8600.150773195875,1356.8659793814434,776
446,a,a,340.0,10.0,2000.0,1,31.0,2013.0,"Feb,May,Aug,Nov",3842157,494709,4932.165596919127,635.0564826700898,779
447,a,c,1510.0,9.0,2013.0,0,,,,4161176,485603,5307.622448979592,619.391581632653,784
448,a,c,3970.0,9.0,2009.0,0,,,,6609087,577957,8484.065468549423,741.9216944801027,779
449,a,c,120.0,12.0,2014.0,1,37.0,2009.0,"Jan,Apr,Jul,Oct",8789176,1198781,11253.74647887324,1534.93085787452,781
450,c,a,5780.0,11.0,1994.0,1,10.0,2014.0,"Mar,Jun,Sept,Dec",6830229,846853,8790.513513513513,1089.900900900901,777
451,a,a,2460.0,4.0,2009.0,1,13.0,2010.0,"Jan,Apr,Jul,Oct",4248112,358216,5439.3239436619715,458.66325224071704,781
452,a,c,1850.0,8.0,2013.0,1,5.0,2011.0,"Feb,May,Aug,Nov",4037476,375007,5149.841836734694,478.32525510204084,784
453,a,c,75860.0,,,0,,,,6896821,811228,7775.446448703495,914.5749718151071,887
454,a,a,26450.0,,,0,,,,4519416,551135,5794.123076923077,706.5833333333334,780
455,d,c,7660.0,9.0,2010.0,0,,,,5727571,359933,7371.391248391248,463.23423423423424,777
456,a,c,140.0,,,0,,,,4822447,697454,6190.5609756097565,895.3196405648267,779
457,d,c,13140.0,,,1,31.0,2013.0,"Jan,Apr,Jul,Oct",3010824,269133,4840.5530546623795,432.6897106109325,622
458,c,a,3390.0,,,0,,,,5921634,548787,7582.117797695262,702.6722151088348,781
459,a,a,250.0,9.0,2008.0,1,5.0,2013.0,"Feb,May,Aug,Nov",7194572,886078,9176.75,1130.2015306122448,784
460,a,a,34050.0,4.0,2008.0,0,,,,2914087,269319,3736.0089743589742,345.28076923076924,780
461,d,c,1790.0,7.0,2013.0,1,40.0,2013.0,"Jan,Apr,Jul,Oct",3759643,370263,4838.66537966538,476.5289575289575,777
462,a,a,44320.0,8.0,2008.0,0,,,,3769419,472848,4832.588461538461,606.2153846153847,780
463,a,a,4160.0,,,0,,,,4747749,755184,6094.671373555841,969.4274711168164,779
464,c,a,520.0,3.0,2009.0,0,,,,8343864,1023585,10642.683673469388,1305.593112244898,784
465,d,c,10890.0,4.0,2005.0,0,,,,6062752,472261,7762.806658130602,604.6875800256082,781
466,a,c,3110.0,3.0,2003.0,0,,,,6007933,588740,7712.365853658536,755.7637997432606,779
467,a,c,20390.0,4.0,2008.0,0,,,,10501035,1257034,13480.147625160462,1613.6508344030808,779
468,c,c,5260.0,9.0,2012.0,0,,,,5229014,591594,6669.660714285715,754.5841836734694,784
469,c,c,710.0,9.0,2005.0,0,,,,9330742,1192174,11901.456632653062,1520.6301020408164,784
470,a,c,50.0,,,0,,,,10174712,1377377,13111.742268041236,1774.9703608247423,776
471,d,a,5300.0,,,1,45.0,2009.0,"Feb,May,Aug,Nov",4422266,367107,7109.752411575562,590.2041800643087,622
472,c,c,5030.0,8.0,2011.0,0,,,,4080447,543274,5204.651785714285,692.9515306122449,784
473,a,a,50.0,,,0,,,,2767243,378998,3552.3016688061616,486.5186136071887,779
474,c,a,14810.0,,,1,14.0,2011.0,"Mar,Jun,Sept,Dec",5885972,576183,7526.818414322251,736.806905370844,782
475,a,a,140.0,9.0,2005.0,0,,,,5023680,761981,6473.81443298969,981.9342783505155,776
476,d,a,8300.0,9.0,2006.0,0,,,,4564251,506843,5851.6038461538465,649.7987179487179,780
477,d,a,770.0,7.0,2010.0,1,35.0,2010.0,"Jan,Apr,Jul,Oct",3864914,279830,6213.688102893891,449.887459807074,622
478,d,c,1940.0,3.0,2012.0,0,,,,5336648,548324,6806.948979591837,699.3928571428571,784
479,a,a,320.0,12.0,2005.0,1,9.0,2011.0,"Feb,May,Aug,Nov",8782548,1039144,11230.879795396419,1328.8286445012789,782
480,a,a,300.0,11.0,2012.0,0,,,,3869738,488793,4935.890306122449,623.4604591836735,784
481,c,c,7470.0,,,1,44.0,2012.0,"Feb,May,Aug,Nov",4026351,372314,5155.379001280409,476.7144686299616,781
482,c,a,2550.0,10.0,2005.0,0,,,,6517671,720149,8334.617647058823,920.9066496163683,782
483,a,c,2310.0,9.0,2011.0,1,13.0,2010.0,"Jan,Apr,Jul,Oct",3859771,507014,4948.424358974359,650.0179487179487,780
484,a,c,14300.0,3.0,2011.0,0,,,,6050653,580053,7717.669642857143,739.8635204081633,784
485,d,c,3270.0,,,1,22.0,2012.0,"Jan,Apr,Jul,Oct",3029769,261854,4871.011254019292,420.9871382636656,622
486,a,a,2320.0,,,1,31.0,2013.0,"Jan,Apr,Jul,Oct",3323793,405098,4266.7432605905005,520.0231065468549,779
487,d,c,2180.0,9.0,2012.0,1,40.0,2012.0,"Jan,Apr,Jul,Oct",5487451,530591,6999.2997448979595,676.7742346938776,784
488,a,c,2890.0,4.0,2014.0,0,,,,2890074,304193,3686.3188775510203,388.0012755102041,784
489,a,a,14960.0,11.0,2013.0,1,37.0,2009.0,"Jan,Apr,Jul,Oct",5698967,506711,7306.367948717949,649.6294871794872,780
490,a,a,660.0,4.0,2013.0,1,40.0,2014.0,"Jan,Apr,Jul,Oct",5131331,661634,8249.728295819936,1063.7202572347267,622
491,d,c,4680.0,,,1,22.0,2012.0,"Mar,Jun,Sept,Dec",5242001,409706,6746.462033462033,527.2921492921492,777
492,a,a,1740.0,3.0,2008.0,1,40.0,2012.0,"Jan,Apr,Jul,Oct",4825503,709936,7859.125407166124,1156.2475570032573,614
493,d,c,1150.0,,,1,14.0,2011.0,"Jan,Apr,Jul,Oct",6462326,629636,8295.668806161746,808.2618741976894,779
494,b,a,1260.0,6.0,2011.0,0,,,,7205637,1016989,7649.296178343949,1079.6061571125265,942
495,d,a,5470.0,,,1,37.0,2009.0,"Jan,Apr,Jul,Oct",4005216,306840,5154.718146718146,394.9034749034749,777
496,d,c,2780.0,6.0,2015.0,0,,,,6059458,650918,7728.900510204082,830.2525510204082,784
497,a,c,1610.0,,,0,,,,7077518,871875,9062.122919334188,1116.3572343149808,781
498,a,a,990.0,,,1,40.0,2014.0,"Jan,Apr,Jul,Oct",4351844,550201,6996.5337620578775,884.5675241157556,622
499,c,c,450.0,,,1,5.0,2013.0,"Feb,May,Aug,Nov",4006203,573176,5155.988416988417,737.6782496782497,777
500,d,c,10690.0,9.0,2007.0,1,5.0,2013.0,"Jan,Apr,Jul,Oct",3330211,246036,5354.036977491962,395.55627009646304,622
501,a,c,1620.0,9.0,2006.0,0,,,,3345228,365618,5378.180064308682,587.8102893890675,622
502,a,a,220.0,2.0,2002.0,1,37.0,2009.0,"Jan,Apr,Jul,Oct",8377408,1176212,10823.524547803618,1519.653746770026,774
503,d,c,13080.0,9.0,2006.0,1,14.0,2011.0,"Jan,Apr,Jul,Oct",5224595,367061,6698.198717948718,470.5910256410256,780
504,c,c,820.0,,,0,,,,5231756,747470,6673.158163265306,953.405612244898,784
505,a,a,350.0,,,1,5.0,2013.0,"Feb,May,Aug,Nov",3711170,462013,4776.280566280566,594.6113256113256,777
506,a,a,1850.0,12.0,2014.0,1,18.0,2011.0,"Feb,May,Aug,Nov",5905867,655686,7581.344030808729,841.7021822849807,779
507,a,c,9070.0,4.0,2011.0,1,37.0,2009.0,"Jan,Apr,Jul,Oct",6587045,517083,8455.770218228497,663.777920410783,779
508,a,c,1280.0,,,1,40.0,2011.0,"Jan,Apr,Jul,Oct",5251735,514110,6767.6997422680415,662.5128865979382,776
509,a,a,4740.0,7.0,2008.0,1,37.0,2009.0,"Jan,Apr,Jul,Oct",4783674,404802,6125.062740076824,518.3124199743918,781
510,a,c,8260.0,,,0,,,,6385260,656074,8196.739409499358,842.2002567394095,779
511,a,a,2060.0,9.0,2009.0,0,,,,4439259,635509,5662.320153061224,810.5982142857143,784
512,b,b,590.0,,,1,5.0,2013.0,"Mar,Jun,Sept,Dec",4105679,959539,5510.978523489933,1287.971812080537,745
513,a,a,400.0,8.0,2013.0,0,,,,14252406,1643527,18179.089285714286,2096.3354591836733,784
514,c,c,1200.0,7.0,2012.0,1,27.0,2012.0,"Jan,Apr,Jul,Oct",3580238,375667,5756.009646302251,603.9662379421222,622
515,d,c,11260.0,,,1,9.0,2011.0,"Feb,May,Aug,Nov",7056301,575142,9058.152759948653,738.3080872913993,779
516,a,c,20.0,,,1,35.0,2010.0,"Mar,Jun,Sept,Dec",4579807,592467,5879.084724005134,760.5481386392811,779
517,a,c,22490.0,,,0,,,,4525491,494050,5962.438735177866,650.9222661396575,759
518,d,c,3330.0,3.0,2015.0,1,13.0,2010.0,"Jan,Apr,Jul,Oct",3653972,314185,5865.123595505618,504.3097913322632,623
519,c,c,2510.0,8.0,2009.0,1,1.0,2012.0,"Jan,Apr,Jul,Oct",4160155,438316,5306.320153061224,559.0765306122449,784
520,a,c,6900.0,,,1,40.0,2012.0,"Mar,Jun,Sept,Dec",3033870,323837,3869.7321428571427,413.0573979591837,784
521,d,a,18610.0,11.0,2002.0,1,48.0,2011.0,"Mar,Jun,Sept,Dec",4036010,332238,5181.014120667523,426.4929396662388,779
522,d,c,7160.0,11.0,2012.0,1,9.0,2011.0,"Jan,Apr,Jul,Oct",5122860,394373,8222.889245585875,633.0224719101124,623
523,c,c,50.0,11.0,2013.0,0,,,,12175995,1397803,15530.605867346938,1782.9119897959183,784
524,a,c,40860.0,9.0,2013.0,0,,,,6793232,721100,7710.819523269012,818.5017026106697,881
525,d,c,1870.0,9.0,2013.0,0,,,,8012460,685569,10233.026819923372,875.5670498084291,783
526,a,a,120.0,,,1,48.0,2011.0,"Mar,Jun,Sept,Dec",8312841,1139140,10630.231457800512,1456.700767263427,782
527,d,c,5830.0,4.0,2008.0,0,,,,8383796,781383,10734.693982074265,1000.4903969270166,781
528,a,c,20620.0,,,1,37.0,2009.0,"Jan,Apr,Jul,Oct",8338762,744295,10704.444159178434,955.4492939666238,779
529,d,c,12920.0,9.0,2012.0,0,,,,6133846,596775,7823.783163265306,761.1926020408164,784
530,a,c,18160.0,,,0,,,,4198697,680230,4634.323399558499,750.8057395143488,906
531,a,c,4030.0,,,0,,,,3843117,470876,4901.934948979592,600.6071428571429,784
532,a,c,1070.0,8.0,2010.0,0,,,,8487100,996269,10894.865211810013,1278.9075738125803,779
533,a,c,5950.0,,,0,,,,7505547,701034,9659.648648648648,902.2316602316603,777
534,d,a,1200.0,9.0,2009.0,1,45.0,2009.0,"Jan,Apr,Jul,Oct",4684684,354298,7519.556982343499,568.6966292134831,623
535,a,a,3570.0,4.0,2007.0,0,,,,6322186,718716,8115.771501925546,922.6136071887034,779
536,a,c,4700.0,9.0,2002.0,1,31.0,2013.0,"Feb,May,Aug,Nov",6484095,687884,8323.613607188703,883.0346598202824,779
537,a,a,600.0,5.0,2002.0,1,1.0,2012.0,"Jan,Apr,Jul,Oct",4335799,469489,5580.178893178893,604.2329472329473,777
538,a,a,990.0,2.0,2010.0,0,,,,3025475,445253,3859.0242346938776,567.9247448979592,784
539,a,a,770.0,5.0,2013.0,1,40.0,2014.0,"Jan,Apr,Jul,Oct",7035419,710498,11310.963022508038,1142.2797427652733,622
540,d,c,810.0,,,1,48.0,2012.0,"Jan,Apr,Jul,Oct",3513672,243396,5648.990353697749,391.3118971061093,622
541,a,c,650.0,7.0,1990.0,0,,,,5235513,667668,6720.812580231065,857.0834403080873,779
542,a,a,7280.0,9.0,2012.0,1,1.0,2013.0,"Jan,Apr,Jul,Oct",3885411,330680,6246.641479099679,531.6398713826367,622
543,c,a,1080.0,12.0,2012.0,0,,,,2179287,187583,2790.3802816901407,240.18309859154928,781
544,a,a,250.0,12.0,2001.0,1,13.0,2010.0,"Jan,Apr,Jul,Oct",10993709,1439156,14094.498717948718,1845.071794871795,780
545,a,c,5020.0,5.0,2006.0,1,18.0,2014.0,"Feb,May,Aug,Nov",8284865,799891,10635.256739409499,1026.8177150192555,779
546,a,a,580.0,1.0,2005.0,0,,,,10726323,1271083,13681.53443877551,1621.279336734694,784
547,d,c,8990.0,11.0,2009.0,1,35.0,2010.0,"Mar,Jun,Sept,Dec",3578049,275078,5752.490353697749,442.2475884244373,622
548,d,c,3760.0,2.0,2009.0,0,,,,3896082,307908,5066.426527958388,400.4005201560468,769
549,a,c,2330.0,,,0,,,,3639890,429407,4642.716836734694,547.7130102040817,784
550,d,c,50.0,6.0,2015.0,0,,,,4665403,387883,5973.627400768246,496.6491677336748,781
551,a,c,2190.0,9.0,2013.0,0,,,,5142553,774390,6559.378826530612,987.7423469387755,784
552,a,a,4260.0,7.0,2008.0,1,37.0,2009.0,"Jan,Apr,Jul,Oct",6030778,538809,7721.866837387965,689.8962868117798,781
553,c,a,3040.0,9.0,2002.0,1,13.0,2010.0,"Jan,Apr,Jul,Oct",5468991,496306,7038.598455598456,638.7464607464608,777
554,c,c,1200.0,,,0,,,,3513115,428076,4481.014030612245,546.015306122449,784
555,d,a,1560.0,1.0,2014.0,1,10.0,2013.0,"Mar,Jun,Sept,Dec",3223315,298433,5173.860353130016,479.0256821829856,623
556,d,c,1140.0,11.0,2014.0,0,,,,5620964,650457,7178.753512132823,830.7241379310345,783
557,a,a,250.0,,,0,,,,3410036,525941,4383.079691516709,676.0167095115681,778
558,a,a,3000.0,2.0,2010.0,0,,,,2541355,355175,3241.5242346938776,453.02933673469386,784
559,d,a,3910.0,11.0,2006.0,1,5.0,2013.0,"Feb,May,Aug,Nov",4588710,585217,5882.961538461538,750.2782051282052,780
560,c,c,1910.0,7.0,2013.0,0,,,,10168806,1225287,13612.859437751003,1640.2771084337348,747
561,d,a,14300.0,,,0,,,,5385871,531991,6913.826700898588,682.9152759948652,779
562,b,c,1210.0,,,0,,,,16927322,2924960,17969.55626326964,3105.0530785562632,942
563,a,a,700.0,3.0,2015.0,1,10.0,2014.0,"Jan,Apr,Jul,Oct",4278470,545236,5513.492268041237,702.6237113402062,776
564,d,c,6540.0,,,1,14.0,2013.0,"Jan,Apr,Jul,Oct",4306402,380646,5528.115532734275,488.6341463414634,779
565,a,c,160.0,7.0,2007.0,0,,,,5169769,617215,6636.4172015404365,792.3170731707318,779
566,a,a,3620.0,,,1,40.0,2013.0,"Jan,Apr,Jul,Oct",3845237,427157,4904.639030612245,544.843112244898,784
567,c,a,1010.0,9.0,2012.0,1,18.0,2011.0,"Feb,May,Aug,Nov",4083132,523036,5241.504492939666,671.4197689345315,779
568,d,c,4270.0,,,1,1.0,2013.0,"Jan,Apr,Jul,Oct",3809325,323256,4877.496798975672,413.90012804097313,781
569,a,a,1340.0,9.0,2006.0,0,,,,3543332,511836,4519.556122448979,652.8520408163265,784
570,a,a,180.0,11.0,2006.0,0,,,,3533080,515535,4535.404364569961,661.790757381258,779
571,d,a,2110.0,11.0,1995.0,1,40.0,2014.0,"Jan,Apr,Jul,Oct",4815991,358047,7742.750803858521,575.6382636655949,622
572,d,c,9230.0,4.0,2004.0,1,37.0,2009.0,"Jan,Apr,Jul,Oct",5345670,443496,6888.75,571.5154639175257,776
573,a,a,1190.0,11.0,2012.0,1,36.0,2013.0,"Jan,Apr,Jul,Oct",2472309,208622,3974.773311897106,335.40514469453376,622
574,d,a,4400.0,,,0,,,,6913915,517928,8898.217503217504,666.5740025740025,777
575,a,a,960.0,5.0,2008.0,1,13.0,2010.0,"Jan,Apr,Jul,Oct",3343994,307112,5367.566613162119,492.95666131621186,623
576,c,a,50.0,11.0,2006.0,0,,,,5474294,756615,6982.517857142857,965.0701530612245,784
577,a,c,2270.0,,,1,35.0,2012.0,"Mar,Jun,Sept,Dec",3883479,457367,4953.4170918367345,583.3762755102041,784
578,d,a,12700.0,4.0,2013.0,0,,,,7356117,697049,8164.39178690344,773.6392896781354,901
579,c,a,20970.0,11.0,2012.0,0,,,,6461297,709982,8294.347881899872,911.4017971758665,779
580,a,c,170.0,2.0,2009.0,0,,,,7994967,1256554,10197.661989795919,1602.7474489795918,784
581,a,a,7250.0,12.0,2013.0,0,,,,4154967,457777,5333.718870346598,587.6469833119384,779
582,a,a,120.0,,,0,,,,5492051,675115,7023.083120204604,863.3184143222506,782
583,a,a,2640.0,11.0,2002.0,0,,,,3363288,350283,4311.907692307693,449.08076923076925,780
584,d,a,1360.0,,,1,35.0,2010.0,"Mar,Jun,Sept,Dec",3697954,338512,4734.89628681178,433.43405889884764,781
585,d,c,440.0,4.0,2014.0,0,,,,4449323,676591,5675.156887755102,862.9987244897959,784
586,a,c,250.0,10.0,2008.0,0,,,,11742401,1832458,15131.960051546392,2361.4149484536083,776
587,d,c,330.0,9.0,2006.0,1,14.0,2011.0,"Jan,Apr,Jul,Oct",6020227,427184,9663.285714285714,685.6886035313001,623
588,d,c,15720.0,3.0,2010.0,0,,,,4825215,518339,6154.610969387755,661.1466836734694,784
589,a,c,360.0,,,1,18.0,2013.0,"Feb,May,Aug,Nov",3537175,373858,4672.622192866578,493.8678996036988,757
590,d,c,4520.0,9.0,2010.0,1,31.0,2013.0,"Jan,Apr,Jul,Oct",3872700,304273,4984.169884169884,391.5997425997426,777
591,a,c,3340.0,,,1,22.0,2012.0,"Mar,Jun,Sept,Dec",4429448,387507,5700.705276705276,498.72200772200773,777
592,a,a,2540.0,6.0,2005.0,0,,,,3465390,444038,4448.5109114249035,570.01026957638,779
593,a,c,33060.0,3.0,2010.0,0,,,,7454238,965705,9507.956632653062,1231.766581632653,784
594,a,a,1790.0,10.0,2011.0,0,,,,3258199,358034,4155.866071428572,456.67602040816325,784
595,c,c,1130.0,6.0,2015.0,0,,,,11774982,1382516,15019.109693877552,1763.4132653061224,784
596,c,a,290.0,9.0,2006.0,0,,,,3532562,547535,4505.818877551021,698.3864795918367,784
597,a,a,150.0,9.0,2008.0,1,1.0,2012.0,"Mar,Jun,Sept,Dec",3957495,566742,5080.224646983312,727.5250320924262,779
598,c,a,550.0,12.0,2013.0,1,40.0,2014.0,"Jan,Apr,Jul,Oct",3665006,453190,5892.2926045016075,728.6012861736334,622
599,d,c,580.0,11.0,2014.0,0,,,,7659466,686442,9769.727040816326,875.5637755102041,784
600,d,c,17340.0,6.0,2010.0,1,9.0,2011.0,"Feb,May,Aug,Nov",5485348,485495,6996.617346938776,619.2538265306123,784
601,d,a,8220.0,4.0,2014.0,1,14.0,2011.0,"Jan,Apr,Jul,Oct",3807976,307941,4875.769526248399,394.29065300896286,781
602,a,a,2710.0,7.0,2001.0,1,22.0,2012.0,"Mar,Jun,Sept,Dec",4920431,479688,6300.167733674776,614.1971830985915,781
603,a,a,340.0,4.0,2007.0,1,13.0,2010.0,"Jan,Apr,Jul,Oct",5297052,722465,6933.314136125655,945.6348167539267,764
604,d,a,10950.0,3.0,2014.0,0,,,,4953601,368077,7963.988745980708,591.7636655948553,622
605,d,a,10310.0,4.0,2003.0,1,37.0,2009.0,"Jan,Apr,Jul,Oct",5466800,395780,7026.735218508998,508.7146529562982,778
606,a,a,2260.0,11.0,2007.0,0,,,,4577941,486724,5839.210459183673,620.8214285714286,784
607,a,a,350.0,8.0,1999.0,1,14.0,2011.0,"Jan,Apr,Jul,Oct",3051294,323807,3901.910485933504,414.07544757033247,782
608,a,c,18370.0,2.0,2013.0,1,14.0,2011.0,"Jan,Apr,Jul,Oct",7275038,735209,9326.971794871795,942.5756410256411,780
609,a,a,2070.0,9.0,2007.0,0,,,,3636230,395622,4638.048469387755,504.6198979591837,784
610,a,a,660.0,1.0,2007.0,0,,,,3269954,405391,4197.630295250321,520.3992297817715,779
611,a,a,8080.0,12.0,2002.0,1,40.0,2014.0,"Jan,Apr,Jul,Oct",3602813,305106,5792.303858520901,490.524115755627,622
612,d,c,2490.0,11.0,2012.0,1,31.0,2009.0,"Jan,Apr,Jul,Oct",4246423,264263,6816.088282504013,424.1781701444623,623
613,c,a,250.0,6.0,2007.0,1,14.0,2011.0,"Jan,Apr,Jul,Oct",5261587,782665,6728.372122762148,1000.8503836317135,782
614,a,a,1160.0,12.0,2012.0,0,,,,5140680,734125,6590.615384615385,941.1858974358975,780
615,d,a,730.0,8.0,2007.0,0,,,,7585401,968524,9712.421254801537,1240.1075544174137,781
616,a,c,3040.0,8.0,2011.0,1,35.0,2010.0,"Mar,Jun,Sept,Dec",6611772,646898,8487.512195121952,830.421052631579,779
617,a,c,8940.0,,,1,9.0,2011.0,"Jan,Apr,Jul,Oct",4960149,448262,6359.165384615385,574.6948717948718,780
618,d,c,9910.0,,,0,,,,5334682,394848,6830.578745198463,505.5672215108835,781
619,a,a,1600.0,6.0,2006.0,1,45.0,2009.0,"Feb,May,Aug,Nov",2676841,266765,4303.602893890676,428.88263665594855,622
620,d,c,5440.0,,,1,40.0,2014.0,"Jan,Apr,Jul,Oct",4835283,441221,7773.766881028939,709.3585209003215,622
621,a,a,30.0,7.0,2002.0,0,,,,4608739,628261,5916.224646983312,806.4967907573813,779
622,a,c,,,,0,,,,3385282,337120,4317.961734693878,430.0,784
623,a,a,4080.0,3.0,2011.0,1,13.0,2010.0,"Jan,Apr,Jul,Oct",5473895,639137,7127.467447916667,832.2096354166666,768
624,a,c,6920.0,9.0,2011.0,0,,,,5467853,531966,7019.06675224647,682.8831835686777,779
625,a,a,1170.0,4.0,2011.0,1,22.0,2012.0,"Feb,May,Aug,Nov",4907852,480529,6300.195121951219,616.8536585365854,779
626,c,c,10740.0,11.0,2013.0,0,,,,7318373,647107,9382.529487179487,829.624358974359,780
627,c,c,3970.0,3.0,2010.0,0,,,,4679168,480797,5991.252240717029,615.617157490397,781
628,a,c,2180.0,,,0,,,,4885169,598144,6231.0829081632655,762.9387755102041,784
629,d,a,510.0,7.0,2014.0,1,23.0,2015.0,"Mar,Jun,Sept,Dec",4760004,422113,7652.739549839228,678.6382636655949,622
630,a,a,1690.0,4.0,2015.0,0,,,,5403029,618196,6935.852374839538,793.5763799743261,779
631,d,c,2870.0,,,1,35.0,2012.0,"Mar,Jun,Sept,Dec",4233841,500538,5400.307397959184,638.4413265306123,784
632,a,a,3350.0,2.0,2010.0,0,,,,5510559,708433,7028.774234693878,903.6135204081633,784
633,d,a,11640.0,4.0,2005.0,1,22.0,2011.0,"Jan,Apr,Jul,Oct",4482889,341963,7207.2170418006435,549.7797427652733,622
634,d,a,18610.0,,,0,,,,5236366,507938,6713.289743589744,651.2025641025641,780
635,a,a,27530.0,4.0,2014.0,0,,,,4609211,465439,5909.244871794872,596.7166666666667,780
636,c,a,720.0,10.0,2004.0,1,13.0,2010.0,"Jan,Apr,Jul,Oct",3692957,445334,5927.699839486357,714.8218298555378,623
637,d,c,9790.0,,,1,31.0,2009.0,"Feb,May,Aug,Nov",5415918,431086,8707.263665594855,693.0643086816721,622
638,d,a,10170.0,11.0,2001.0,0,,,,3713936,313767,6009.605177993528,507.7135922330097,618
639,a,a,7780.0,11.0,2006.0,0,,,,3688329,378581,4734.697047496791,485.98331193838254,779
640,d,c,8040.0,,,0,,,,8984969,685137,11533.978177150193,879.5083440308088,779
641,a,c,610.0,12.0,2003.0,1,36.0,2013.0,"Mar,Jun,Sept,Dec",4490386,419152,5764.295250320924,538.0641848523749,779
642,c,c,530.0,4.0,2005.0,1,35.0,2010.0,"Mar,Jun,Sept,Dec",2845461,373828,3652.7098844672655,479.8818998716303,779
643,a,a,230.0,6.0,2010.0,1,18.0,2010.0,"Feb,May,Aug,Nov",6267634,799871,7994.431122448979,1020.2436224489796,784
644,c,a,4030.0,12.0,2004.0,1,14.0,2011.0,"Jan,Apr,Jul,Oct",5537010,609472,9353.057432432432,1029.5135135135135,592
645,a,a,90.0,,,1,45.0,2009.0,"Feb,May,Aug,Nov",8337410,1031306,10730.2574002574,1327.2921492921494,777
646,a,a,620.0,9.0,2014.0,0,,,,3126126,439386,5025.926045016077,706.4083601286173,622
647,a,c,7420.0,4.0,2013.0,0,,,,4527267,531153,5774.5752551020405,677.4910714285714,784
648,d,a,2130.0,12.0,2008.0,0,,,,5154013,478100,6573.996173469388,609.8214285714286,784
649,a,a,14570.0,11.0,2002.0,0,,,,2873358,301609,3683.7923076923075,386.67820512820515,780
650,a,a,1420.0,10.0,2012.0,1,40.0,2014.0,"Jan,Apr,Jul,Oct",3975207,412899,6391.008038585209,663.8247588424438,622
651,a,a,200.0,,,0,,,,5932759,738819,7615.865211810013,948.4197689345315,779
652,a,a,20390.0,,,0,,,,5190629,532554,6637.632992327366,681.0153452685422,782
653,d,c,7520.0,7.0,2014.0,1,45.0,2009.0,"Feb,May,Aug,Nov",4608178,389640,5915.504492939666,500.17971758664953,779
654,c,a,6930.0,9.0,2006.0,0,,,,5050619,533663,6475.152564102564,684.1833333333333,780
655,d,c,960.0,11.0,2012.0,1,5.0,2013.0,"Feb,May,Aug,Nov",6256703,535521,8031.711168164314,687.4467265725289,779
656,d,a,410.0,4.0,2009.0,1,13.0,2010.0,"Jan,Apr,Jul,Oct",2534495,296129,3245.192061459667,379.1664532650448,781
657,c,c,80.0,1.0,2006.0,1,10.0,2014.0,"Jan,Apr,Jul,Oct",4698459,594536,6054.715206185567,766.1546391752578,776
658,d,c,520.0,,,1,37.0,2009.0,"Jan,Apr,Jul,Oct",4719829,466330,6058.83055198973,598.6264441591784,779
659,d,a,1590.0,3.0,2012.0,0,,,,4407938,535041,5643.966709346991,685.0717029449423,781
660,a,a,1200.0,11.0,2006.0,1,40.0,2014.0,"Jan,Apr,Jul,Oct",2871525,309426,4616.599678456591,497.46945337620576,622
661,d,c,2140.0,7.0,2013.0,0,,,,5503903,453009,7157.221066319896,589.0884265279584,769
662,d,a,1070.0,,,0,,,,6616587,604735,8439.524234693878,771.3456632653061,784
663,a,c,7860.0,5.0,2005.0,0,,,,3623173,494265,4786.2258916776755,652.9260237780713,757
664,d,c,1680.0,10.0,2005.0,0,,,,3858158,469879,4946.3564102564105,602.4089743589743,780
665,a,a,90.0,12.0,2012.0,1,14.0,2011.0,"Jan,Apr,Jul,Oct",6360621,975872,8207.252903225806,1259.189677419355,775
666,c,c,2700.0,,,1,9.0,2011.0,"Mar,Jun,Sept,Dec",5451906,508809,7016.610038610039,654.8378378378378,777
667,d,c,2870.0,9.0,2012.0,0,,,,6879831,621178,8786.501915708812,793.330779054917,783
668,c,a,1270.0,9.0,2010.0,0,,,,7009629,906876,8940.853316326531,1156.7295918367347,784
669,d,a,17080.0,7.0,2012.0,1,31.0,2013.0,"Jan,Apr,Jul,Oct",2807854,245019,4514.2347266881025,393.92122186495175,622
670,a,a,2060.0,,,1,45.0,2009.0,"Feb,May,Aug,Nov",4092358,435070,6589.94847020934,700.5958132045089,621
671,a,c,2070.0,2.0,2008.0,1,39.0,2010.0,"Jan,Apr,Jul,Oct",3691881,369379,5935.5,593.8569131832797,622
672,c,a,240.0,9.0,2002.0,0,,,,6892942,1083587,8837.105128205128,1389.2141025641026,780
673,d,c,15170.0,,,1,5.0,2013.0,"Feb,May,Aug,Nov",5536916,452784,7126.018018018018,582.7335907335907,777
674,a,a,2640.0,12.0,2005.0,1,31.0,2013.0,"Feb,May,Aug,Nov",6112239,756535,8193.349865951743,1014.1219839142091,746
675,a,a,2100.0,8.0,2013.0,1,14.0,2011.0,"Jan,Apr,Jul,Oct",3341266,350178,4278.189500640205,448.37131882202306,781
676,b,b,1410.0,9.0,2008.0,0,,,,7057092,1549211,7687.464052287582,1687.5936819172114,918
677,d,a,1740.0,6.0,2014.0,1,45.0,2009.0,"Feb,May,Aug,Nov",4938047,396633,7938.98231511254,637.6736334405144,622
678,c,a,3250.0,,,1,40.0,2011.0,"Jan,Apr,Jul,Oct",5686651,642924,7299.937098844673,825.3196405648267,779
679,a,a,4140.0,9.0,2012.0,0,,,,7796037,832152,9943.924744897959,1061.4183673469388,784
680,c,a,170.0,,,1,35.0,2012.0,"Mar,Jun,Sept,Dec",4080960,620159,5205.306122448979,791.0191326530612,784
681,a,c,620.0,,,1,1.0,2014.0,"Mar,Jun,Sept,Dec",2731676,375017,3561.5071707953066,488.9400260756193,767
682,b,a,150.0,9.0,2006.0,0,,,,10557379,1656830,11207.408704883228,1758.8428874734607,942
683,a,a,2850.0,7.0,2014.0,0,,,,7171315,688589,9147.085459183674,878.3022959183673,784
684,d,c,680.0,,,1,22.0,2012.0,"Jan,Apr,Jul,Oct",4802690,385149,7721.36655948553,619.2106109324759,622
685,a,a,650.0,11.0,2013.0,1,37.0,2009.0,"Jan,Apr,Jul,Oct",5165199,477101,6630.550706033376,612.4531450577664,779
686,a,a,20050.0,4.0,2002.0,0,,,,4875320,587900,6250.410256410257,753.7179487179487,780
687,d,c,2770.0,,,0,,,,6522150,572085,8372.464698331194,734.3838254172016,779
688,a,a,18760.0,8.0,2015.0,1,14.0,2011.0,"Jan,Apr,Jul,Oct",2820350,284035,3615.8333333333335,364.1474358974359,780
689,d,a,15040.0,10.0,2004.0,0,,,,5503014,557206,7046.112676056338,713.4519846350832,781
690,a,a,100.0,,,0,,,,4354600,617086,5589.987163029525,792.1514762516047,779
691,d,c,3030.0,,,1,37.0,2009.0,"Jan,Apr,Jul,Oct",6521018,484001,8371.011553273427,621.3106546854942,779
692,a,a,40.0,8.0,2001.0,0,,,,5132377,620914,6588.4172015404365,797.0654685494223,779
693,d,a,450.0,,,1,40.0,2011.0,"Jan,Apr,Jul,Oct",5160800,386231,6607.938540332906,494.5339308578745,781
694,a,c,460.0,11.0,2012.0,1,40.0,2014.0,"Jan,Apr,Jul,Oct",5005559,482870,8047.522508038585,776.3183279742765,622
695,a,a,550.0,7.0,2011.0,1,1.0,2012.0,"Jan,Apr,Jul,Oct",4201243,400312,5393.123234916559,513.8793324775353,779
696,a,c,430.0,,,0,,,,6154509,780542,7850.139030612245,995.5892857142857,784
697,d,a,3780.0,,,1,40.0,2011.0,"Jan,Apr,Jul,Oct",8301159,782616,10656.173299101412,1004.6418485237484,779
698,a,a,1790.0,5.0,2011.0,0,,,,12202270,1518304,15564.119897959185,1936.6122448979593,784
699,a,a,180.0,,,1,5.0,2013.0,"Jan,Apr,Jul,Oct",6373219,749312,8320.129242819843,978.2140992167102,766
700,a,c,830.0,,,1,27.0,2013.0,"Jan,Apr,Jul,Oct",3297857,399042,4356.482166446499,527.1360634081902,757
701,d,a,1450.0,3.0,2012.0,1,14.0,2011.0,"Jan,Apr,Jul,Oct",3594522,391641,5778.974276527331,629.6479099678456,622
702,a,a,8550.0,9.0,2001.0,1,45.0,2009.0,"Feb,May,Aug,Nov",2720610,215970,4373.971061093248,347.21864951768487,622
703,a,a,80.0,6.0,2005.0,0,,,,2563326,274642,3290.5340179717587,352.5571245186136,779
704,d,c,1910.0,4.0,2009.0,0,,,,8138397,843720,10393.865900383142,1077.5478927203064,783
705,a,a,4140.0,9.0,2012.0,1,18.0,2011.0,"Feb,May,Aug,Nov",6206501,747320,7967.267008985879,959.3324775353017,779
706,d,a,7830.0,9.0,2014.0,1,10.0,2014.0,"Mar,Jun,Sept,Dec",3572311,326197,5743.2652733118975,524.4324758842444,622
707,a,c,2900.0,7.0,1990.0,0,,,,6481071,711970,8319.731707317073,913.9537869062901,779
708,c,c,11470.0,10.0,2009.0,1,18.0,2014.0,"Jan,Apr,Jul,Oct",3145529,325392,4571.989825581395,472.95348837209303,688
709,a,a,500.0,12.0,2010.0,0,,,,7751342,1017426,9886.915816326531,1297.7372448979593,784
710,d,a,1500.0,9.0,2008.0,1,14.0,2011.0,"Jan,Apr,Jul,Oct",2828018,232122,4546.652733118971,373.1864951768489,622
711,d,a,17110.0,3.0,2007.0,1,5.0,2010.0,"Jan,Apr,Jul,Oct",4307666,318552,6914.39165329053,511.3194221508828,623
712,a,a,4870.0,9.0,2007.0,1,45.0,2009.0,"Jan,Apr,Jul,Oct",3994137,357449,6421.442122186495,574.676848874598,622
713,a,c,220.0,,,1,10.0,2014.0,"Jan,Apr,Jul,Oct",8349365,1023424,10718.055198973043,1313.7663671373555,779
714,d,c,12070.0,10.0,2005.0,1,10.0,2013.0,"Jan,Apr,Jul,Oct",3538417,257282,4553.947232947233,331.1222651222651,777
715,a,a,14810.0,6.0,2014.0,0,,,,5037090,524113,6491.095360824742,675.4033505154639,776
716,d,a,3200.0,1.0,2008.0,1,22.0,2011.0,"Jan,Apr,Jul,Oct",3556025,282580,5717.081993569132,454.3086816720257,622
717,d,c,310.0,,,1,40.0,2011.0,"Jan,Apr,Jul,Oct",4325705,435789,5552.894736842105,559.421052631579,779
718,a,a,1100.0,6.0,2015.0,0,,,,6178736,667942,7911.313700384123,855.2394366197183,781
719,c,c,8190.0,,,1,45.0,2009.0,"Feb,May,Aug,Nov",3348602,284100,5383.604501607717,456.7524115755627,622
720,a,c,15320.0,3.0,2011.0,1,14.0,2013.0,"Feb,May,Aug,Nov",5618245,562504,7166.128826530612,717.4795918367347,784
721,a,c,3590.0,9.0,2012.0,1,22.0,2012.0,"Mar,Jun,Sept,Dec",6015956,592864,7673.413265306122,756.204081632653,784
722,a,a,50.0,,,0,,,,7711931,1241124,9836.646683673469,1583.0663265306123,784
723,d,c,5650.0,9.0,2008.0,1,5.0,2013.0,"Feb,May,Aug,Nov",5492073,442701,7032.10371318822,566.8386683738796,781
724,d,c,5900.0,,,0,,,,5307253,544604,6812.905006418485,699.1065468549423,779
725,d,c,17540.0,6.0,2012.0,0,,,,4505981,466760,5747.4247448979595,595.3571428571429,784
726,a,c,40540.0,2.0,2002.0,0,,,,8617965,830336,11048.673076923076,1064.5333333333333,780
727,a,a,2050.0,3.0,2007.0,0,,,,3537376,353663,4529.290653008963,452.8335467349552,781
728,d,a,13990.0,,,1,14.0,2011.0,"Jan,Apr,Jul,Oct",4075915,355913,5245.70785070785,458.06048906048903,777
729,c,c,8980.0,6.0,2011.0,0,,,,8217604,843139,10548.913992297817,1082.3350449293966,779
730,c,a,1190.0,9.0,2013.0,0,,,,6315412,771672,8055.372448979592,984.2755102040817,784
731,a,a,15270.0,,,1,10.0,2014.0,"Jan,Apr,Jul,Oct",7177402,737912,9249.2293814433,950.9175257731958,776
732,a,c,35280.0,,,0,,,,5135916,584069,5816.439411098528,661.4597961494903,883
733,b,b,860.0,10.0,1999.0,0,,,,14067158,3206058,14933.288747346072,3403.458598726115,942
734,a,a,220.0,,,1,36.0,2013.0,"Mar,Jun,Sept,Dec",4658828,440954,5980.523748395379,566.0513478818999,779
735,d,c,1920.0,4.0,2005.0,0,,,,4304462,424583,5518.541025641026,544.3371794871795,780
736,c,c,1650.0,,,1,14.0,2011.0,"Jan,Apr,Jul,Oct",3261815,316774,5244.075562700965,509.2829581993569,622
737,a,a,100.0,5.0,2007.0,1,31.0,2013.0,"Jan,Apr,Jul,Oct",4765845,699863,6117.901155327343,898.4120667522465,779
738,d,c,5980.0,10.0,2005.0,0,,,,6628200,546636,8508.600770218229,701.7150192554557,779
739,d,c,2770.0,6.0,2008.0,1,22.0,2011.0,"Jan,Apr,Jul,Oct",5944868,476019,9557.665594855305,765.3038585209003,622
740,d,a,6400.0,3.0,2014.0,0,,,,5449956,397647,6978.176696542893,509.15108834827146,781
741,d,c,11900.0,,,0,,,,5973663,721461,7619.468112244898,920.2308673469388,784
742,d,c,4380.0,,,0,,,,6252167,679893,8025.888318356868,872.7766367137356,779
743,a,a,6710.0,11.0,2003.0,1,14.0,2012.0,"Jan,Apr,Jul,Oct",2976940,326296,3816.5897435897436,418.3282051282051,780
744,a,a,1370.0,12.0,2011.0,1,40.0,2014.0,"Jan,Apr,Jul,Oct",4511526,505061,7457.067768595041,834.8115702479339,605
745,a,a,17650.0,11.0,2013.0,1,37.0,2009.0,"Jan,Apr,Jul,Oct",5849281,553511,7499.078205128205,709.6294871794872,780
746,d,c,4330.0,2.0,2011.0,1,35.0,2011.0,"Mar,Jun,Sept,Dec",4716888,397568,6039.549295774648,509.04993597951346,781
747,c,c,45740.0,8.0,2008.0,0,,,,6261174,547051,8027.1461538461535,701.3474358974358,780
748,d,a,2380.0,3.0,2010.0,1,14.0,2011.0,"Jan,Apr,Jul,Oct",4469650,379885,5737.6765083440305,487.65725288831834,779
749,a,a,3410.0,8.0,2011.0,1,14.0,2015.0,"Jan,Apr,Jul,Oct",4042901,495780,5189.860077021823,636.4313222079589,779
750,d,a,8670.0,2.0,2002.0,1,14.0,2011.0,"Jan,Apr,Jul,Oct",3108353,250543,4997.352090032155,402.8022508038585,622
751,a,a,650.0,10.0,2006.0,0,,,,3284432,446946,4216.215661103979,573.7432605905007,779
752,a,a,970.0,3.0,2013.0,1,31.0,2013.0,"Feb,May,Aug,Nov",4091043,357872,5251.659820282413,459.3992297817715,779
753,d,c,540.0,11.0,2012.0,1,35.0,2010.0,"Mar,Jun,Sept,Dec",6785308,595402,8710.279845956355,764.3157894736842,779
754,c,c,380.0,5.0,2008.0,1,10.0,2014.0,"Mar,Jun,Sept,Dec",6324001,755067,8086.957800511509,965.5588235294117,782
755,d,c,13130.0,12.0,2003.0,0,,,,8187392,699323,10483.216389244559,895.4199743918053,781
756,a,c,50.0,,,1,40.0,2011.0,"Jan,Apr,Jul,Oct",12911782,1827980,16574.816431322208,2346.5725288831836,779
757,a,c,3450.0,,,0,,,,4832775,416360,6219.787644787645,535.8558558558559,777
758,a,c,19780.0,6.0,2008.0,0,,,,3768116,492895,4868.3669250646,636.8152454780362,774
759,a,a,110.0,11.0,2012.0,1,31.0,2013.0,"Feb,May,Aug,Nov",5460897,603295,7010.137355584082,774.4480102695763,779
760,a,a,560.0,1.0,2011.0,0,,,,5935009,953570,7638.3642213642215,1227.2458172458173,777
761,a,a,2390.0,9.0,2012.0,0,,,,6843911,780038,8729.478316326531,994.9464285714286,784
762,d,c,1280.0,,,1,10.0,2013.0,"Mar,Jun,Sept,Dec",2965697,297292,3886.8899082568805,389.6356487549148,763
763,d,c,32240.0,3.0,2010.0,0,,,,4802197,459640,6125.251275510204,586.2755102040817,784
764,a,c,26490.0,,,1,10.0,2014.0,"Mar,Jun,Sept,Dec",2714404,303938,3538.9882659713167,396.2685788787484,767
765,a,c,25430.0,5.0,1999.0,1,37.0,2009.0,"Jan,Apr,Jul,Oct",6609836,552225,8506.867438867439,710.7142857142857,777
766,d,c,9820.0,,,0,,,,3809093,329475,6123.943729903537,529.7025723472669,622
767,a,c,13080.0,,,0,,,,4722348,482393,6023.40306122449,615.297193877551,784
768,a,c,2630.0,9.0,2012.0,0,,,,10185601,1054827,12991.838010204081,1345.4426020408164,784
769,b,b,840.0,,,1,48.0,2012.0,"Jan,Apr,Jul,Oct",10198000,2902351,10825.902335456476,3081.052016985138,942
770,a,c,100.0,4.0,2015.0,0,,,,5046197,571210,6477.788189987163,733.2605905006418,779
771,a,a,20640.0,9.0,2007.0,0,,,,4181091,428572,6722.011254019292,689.0225080385852,622
772,d,c,1850.0,,,0,,,,2804862,382210,3582.199233716475,488.1353767560664,783
773,a,a,200.0,,,0,,,,4464281,618439,5716.108834827145,791.8553137003842,781
774,a,c,640.0,9.0,2013.0,0,,,,4307095,559318,5493.743622448979,713.4158163265306,784
775,d,c,6970.0,12.0,2005.0,1,22.0,2011.0,"Jan,Apr,Jul,Oct",5405733,386321,8690.889067524116,621.0948553054662,622
776,c,a,700.0,4.0,2009.0,1,14.0,2011.0,"Jan,Apr,Jul,Oct",3728530,414825,4804.806701030928,534.5682989690722,776
777,d,c,8250.0,10.0,2004.0,1,10.0,2013.0,"Mar,Jun,Sept,Dec",3109262,273048,3991.3504492939664,350.5109114249037,779
778,a,a,340.0,6.0,2003.0,1,40.0,2014.0,"Jan,Apr,Jul,Oct",3670582,497906,5901.257234726688,800.491961414791,622
779,a,a,16990.0,4.0,2004.0,0,,,,5560247,546065,7128.521794871795,700.0833333333334,780
780,a,a,18160.0,,,0,,,,5106807,615416,6547.1884615384615,788.9948717948718,780
781,a,a,630.0,4.0,2007.0,0,,,,3839505,524908,4922.442307692308,672.9589743589744,780
782,c,c,5390.0,8.0,2003.0,1,1.0,2012.0,"Jan,Apr,Jul,Oct",4275775,399793,5488.799743260591,513.2130937098844,779
783,d,c,15490.0,,,0,,,,5364665,530718,6860.185421994885,678.6675191815857,782
784,a,a,560.0,10.0,2014.0,1,10.0,2014.0,"Jan,Apr,Jul,Oct",6038270,642805,7751.309370988447,825.1668806161746,779
785,d,c,970.0,7.0,2005.0,1,31.0,2013.0,"Feb,May,Aug,Nov",5072473,437324,6511.518613607189,561.3915275994865,779
786,a,a,290.0,11.0,2006.0,1,5.0,2013.0,"Feb,May,Aug,Nov",2779666,431356,3563.674358974359,553.0205128205129,780
787,c,c,3210.0,6.0,2009.0,0,,,,7977175,890735,10227.147435897436,1141.9679487179487,780
788,a,c,1530.0,3.0,2013.0,0,,,,14082141,1346835,17961.914540816328,1717.9017857142858,784
789,a,c,9770.0,7.0,2003.0,0,,,,2626269,364576,3380.011583011583,469.2097812097812,777
790,d,c,9070.0,12.0,2003.0,0,,,,5820810,532923,7453.021766965429,682.3597951344431,781
791,a,a,5950.0,4.0,2007.0,0,,,,5973977,631301,7668.776636713736,810.3992297817715,779
792,d,a,17280.0,10.0,2009.0,1,18.0,2011.0,"Feb,May,Aug,Nov",5756322,538855,7389.373555840822,691.7265725288831,779
793,d,a,2710.0,7.0,2006.0,0,,,,3764223,356672,4832.121951219512,457.8587933247754,779
794,c,c,5090.0,9.0,2006.0,0,,,,2405374,407027,3083.8128205128205,521.8294871794872,780
795,d,a,510.0,,,1,35.0,2010.0,"Mar,Jun,Sept,Dec",3547312,364026,4553.673940949936,467.29910141206676,779
796,a,c,7180.0,11.0,2012.0,0,,,,5643678,520214,7244.772785622593,667.7971758664955,779
797,a,a,2090.0,10.0,2012.0,1,40.0,2014.0,"Jan,Apr,Jul,Oct",2617520,257816,4208.231511254019,414.4951768488746,622
798,a,a,9560.0,4.0,2001.0,0,,,,5825254,702461,7468.274358974359,900.5910256410257,780
799,a,c,2700.0,,,0,,,,7708195,700034,9894.987163029526,898.6315789473684,779
800,d,a,2020.0,7.0,2014.0,0,,,,4157860,388966,5337.432605905006,499.31450577663674,779
801,d,a,48330.0,4.0,2013.0,0,,,,3798660,371915,4845.2295918367345,474.3813775510204,784
802,a,c,910.0,,,1,22.0,2011.0,"Feb,May,Aug,Nov",5363403,410025,6841.0752551020405,522.9910714285714,784
803,d,a,1760.0,,,1,10.0,2014.0,"Mar,Jun,Sept,Dec",4650665,378421,6047.678803641093,492.0949284785436,769
804,c,c,2100.0,,,1,1.0,2013.0,"Jan,Apr,Jul,Oct",3061600,273928,4922.186495176848,440.39871382636653,622
805,d,a,24770.0,10.0,2011.0,1,10.0,2014.0,"Mar,Jun,Sept,Dec",3784390,356051,6084.228295819936,572.4292604501608,622
806,d,a,260.0,,,1,44.0,2010.0,"Feb,May,Aug,Nov",4234755,326751,6808.287781350482,525.323151125402,622
807,a,a,3870.0,4.0,2008.0,0,,,,7669453,767032,9820.042253521127,982.1152368758003,781
808,a,a,18620.0,,,1,31.0,2009.0,"Feb,May,Aug,Nov",5687084,469085,7291.133333333333,601.3910256410256,780
809,a,a,12770.0,10.0,2000.0,0,,,,7317626,624924,9393.61489088575,802.2130937098844,779
810,d,c,9640.0,11.0,2013.0,0,,,,4619798,380807,5930.421052631579,488.8408215661104,779
811,a,a,410.0,9.0,2012.0,0,,,,3239518,535292,4132.038265306122,682.7704081632653,784
812,d,a,2590.0,9.0,2012.0,0,,,,4966087,605630,6366.778205128205,776.4487179487179,780
813,a,a,1560.0,9.0,2003.0,0,,,,4514925,505237,5810.714285714285,650.2406692406693,777
814,d,c,24530.0,7.0,2013.0,0,,,,6628829,543698,8476.763427109974,695.2659846547315,782
815,a,a,590.0,1.0,1900.0,1,40.0,2014.0,"Jan,Apr,Jul,Oct",5222211,507202,8395.837620578779,815.4372990353697,622
816,c,c,460.0,,,0,,,,3998667,578506,5133.07702182285,742.6264441591784,779
817,a,a,140.0,3.0,2006.0,0,,,,17057867,2454370,21757.48341836735,3130.5739795918366,784
818,d,a,490.0,,,1,35.0,2010.0,"Mar,Jun,Sept,Dec",4772357,496141,6110.572343149808,635.2637644046094,781
819,a,c,720.0,10.0,2014.0,0,,,,4775423,423324,6091.100765306122,539.954081632653,784
820,a,c,1650.0,,,1,40.0,2014.0,"Jan,Apr,Jul,Oct",7517399,677726,12085.850482315112,1089.5916398713825,622
821,a,a,1700.0,9.0,2009.0,0,,,,5438993,667296,6937.491071428572,851.1428571428571,784
822,a,c,410.0,11.0,2010.0,1,48.0,2010.0,"Mar,Jun,Sept,Dec",6066329,499161,7737.664540816327,636.6849489795918,784
823,a,c,16210.0,11.0,2010.0,0,,,,4549069,446881,5802.383928571428,570.0012755102041,784
824,a,a,17570.0,,,0,,,,5358101,676454,6834.3125,862.8239795918367,784
825,a,a,380.0,5.0,2011.0,1,40.0,2014.0,"Jan,Apr,Jul,Oct",2838137,334048,4562.921221864952,537.0546623794212,622
826,a,c,7980.0,6.0,2005.0,0,,,,6859209,598363,8839.186855670103,771.0863402061856,776
827,a,c,250.0,1.0,2005.0,0,,,,10000214,1302475,12771.665389527458,1663.441890166028,783
828,d,c,3290.0,12.0,2014.0,0,,,,4055958,457911,5199.946153846154,587.0653846153846,780
829,c,a,110.0,,,0,,,,4624043,617709,5920.669654289372,790.9206145966709,781
830,a,c,6320.0,,,1,5.0,2011.0,"Jan,Apr,Jul,Oct",4816406,410638,6174.879487179487,526.4589743589744,780
831,a,a,800.0,6.0,2007.0,0,,,,9884733,1228453,12689.002567394095,1576.961489088575,779
832,d,a,5070.0,,,1,45.0,2009.0,"Feb,May,Aug,Nov",5115779,433019,6550.293213828425,554.4417413572343,781
833,d,c,3290.0,12.0,1999.0,1,35.0,2010.0,"Mar,Jun,Sept,Dec",4293342,394316,5511.350449293966,506.18228498074456,779
834,a,a,3470.0,3.0,2012.0,0,,,,4600937,501318,5868.5420918367345,639.4362244897959,784
835,a,a,2890.0,12.0,2007.0,1,10.0,2014.0,"Mar,Jun,Sept,Dec",3979293,505659,5174.633289986996,657.553966189857,769
836,a,a,2720.0,9.0,2012.0,0,,,,4606682,554940,5906.002564102564,711.4615384615385,780
837,a,c,14600.0,4.0,2015.0,0,,,,2608765,345575,3473.721704394141,460.1531291611185,751
838,d,c,6890.0,,,1,48.0,2011.0,"Mar,Jun,Sept,Dec",6246047,639466,7987.2723785166245,817.7314578005115,782
839,c,a,240.0,1.0,2015.0,0,,,,4019692,507297,5127.158163265306,647.0625,784
840,a,a,1070.0,9.0,2009.0,0,,,,5738112,827775,7319.0204081632655,1055.8354591836735,784
841,a,a,27650.0,8.0,2004.0,0,,,,2318635,321495,2972.608974358974,412.1730769230769,780
842,d,c,1200.0,11.0,2007.0,0,,,,11553523,714829,18574.79581993569,1149.242765273312,622
843,c,a,60.0,4.0,2006.0,0,,,,7423466,875136,9468.706632653062,1116.2448979591836,784
844,a,a,2030.0,9.0,2012.0,1,18.0,2011.0,"Feb,May,Aug,Nov",3255217,353844,4178.712451861361,454.2284980744544,779
845,d,a,7860.0,11.0,2005.0,1,14.0,2011.0,"Jan,Apr,Jul,Oct",3746964,277736,4828.561855670103,357.9072164948454,776
846,a,c,8860.0,4.0,2004.0,1,37.0,2009.0,"Jan,Apr,Jul,Oct",7185993,673539,9224.637997432606,864.620025673941,779
847,c,c,190.0,,,1,31.0,2013.0,"Feb,May,Aug,Nov",5518727,784345,7111.761597938144,1010.7538659793814,776
848,a,c,370.0,7.0,2007.0,1,14.0,2011.0,"Jan,Apr,Jul,Oct",5059150,574672,6630.602883355177,753.1743119266055,763
849,c,c,5000.0,,,0,,,,6393691,697085,8155.218112244898,889.1390306122449,784
850,d,a,1120.0,5.0,2007.0,1,31.0,2013.0,"Jan,Apr,Jul,Oct",4787781,504159,6193.765847347995,652.2108667529108,773
851,d,c,2330.0,,,1,49.0,2014.0,"Mar,Jun,Sept,Dec",3392054,292151,5453.463022508038,469.69614147909965,622
852,c,a,940.0,4.0,2004.0,1,14.0,2011.0,"Jan,Apr,Jul,Oct",3597687,456050,4606.513444302177,583.9308578745198,781
853,a,a,14040.0,,,0,,,,7181892,792735,9243.104247104247,1020.2509652509652,777
854,c,a,4770.0,,,1,13.0,2010.0,"Jan,Apr,Jul,Oct",5130172,530973,6577.1435897435895,680.7346153846154,780
855,a,a,3440.0,,,1,45.0,2009.0,"Feb,May,Aug,Nov",4477596,477358,5762.671814671815,614.3603603603603,777
856,a,a,3020.0,2.0,2010.0,0,,,,5599626,750983,7142.380102040816,957.8864795918367,784
857,c,a,6270.0,8.0,2005.0,1,23.0,2014.0,"Mar,Jun,Sept,Dec",5815578,720850,7446.322663252241,922.9833546734956,781
858,a,a,3370.0,12.0,2008.0,1,40.0,2014.0,"Jan,Apr,Jul,Oct",2957986,260058,4755.604501607717,418.0996784565916,622
859,c,a,21770.0,7.0,2015.0,0,,,,4667332,451729,7503.749196141479,726.2524115755627,622
860,c,c,5980.0,2.0,2010.0,0,,,,4521003,572462,5781.333759590792,732.0485933503836,782
861,c,c,740.0,,,1,14.0,2013.0,"Mar,Jun,Sept,Dec",2674267,389298,3500.3494764397906,509.5523560209424,764
862,a,c,2840.0,3.0,2010.0,1,14.0,2011.0,"Jan,Apr,Jul,Oct",6715065,876626,8565.13392857143,1118.1454081632653,784
863,a,c,21370.0,11.0,2010.0,0,,,,6836861,814889,7707.847801578354,918.7023675310033,887
864,a,a,1020.0,10.0,2012.0,1,45.0,2009.0,"Feb,May,Aug,Nov",3316575,456851,4268.436293436293,587.967824967825,777
865,d,c,2640.0,,,0,,,,5894369,496348,7566.584082156611,637.160462130937,779
866,d,a,9680.0,,,1,5.0,2013.0,"Feb,May,Aug,Nov",5368119,379569,6873.391805377721,486.00384122919337,781
867,d,c,21810.0,9.0,2012.0,0,,,,3809715,360886,4329.221590909091,410.0977272727273,880
868,d,c,1360.0,8.0,2005.0,1,10.0,2014.0,"Jan,Apr,Jul,Oct",7480652,509296,9578.29961587708,652.1075544174136,781
869,c,a,230.0,10.0,2001.0,1,14.0,2011.0,"Jan,Apr,Jul,Oct",4659180,678666,5973.307692307692,870.0846153846154,780
870,a,a,780.0,4.0,2009.0,0,,,,5349346,670529,6929.204663212436,868.5608808290156,772
871,d,c,10620.0,,,0,,,,4889449,374591,6260.498079385403,479.62996158770807,781
872,a,c,3860.0,9.0,2014.0,1,23.0,2015.0,"Mar,Jun,Sept,Dec",6649861,640124,8536.406931964057,821.7252888318357,779
873,a,a,2040.0,11.0,2008.0,0,,,,2990009,355880,3833.344871794872,456.2564102564103,780
874,a,a,3210.0,,,0,,,,3593615,399658,4583.692602040816,509.76785714285717,784
875,d,a,5070.0,11.0,2007.0,1,18.0,2015.0,"Feb,May,Aug,Nov",3943035,366310,5061.662387676508,470.23106546854945,779
876,a,a,21790.0,4.0,2005.0,1,18.0,2015.0,"Feb,May,Aug,Nov",7069345,779006,9228.909921671018,1016.9791122715404,766
877,a,c,29190.0,,,0,,,,5103191,704036,6331.502481389578,873.4937965260546,806
878,d,c,1100.0,12.0,2014.0,0,,,,6801666,620669,8720.084615384616,795.7294871794871,780
879,d,a,,,,1,5.0,2013.0,"Feb,May,Aug,Nov",2340576,216037,3762.983922829582,347.3263665594855,622
880,a,c,4570.0,,,0,,,,5832985,614028,7507.059202059202,790.2548262548263,777
881,a,a,180.0,3.0,2008.0,1,31.0,2013.0,"Feb,May,Aug,Nov",3274150,483296,4203.016688061617,620.405648267009,779
882,a,a,30.0,4.0,2013.0,0,,,,5081054,647761,6607.352405721716,842.3420026007802,769
883,a,a,3200.0,6.0,2005.0,0,,,,3714779,391539,4768.650834403081,502.61745827984595,779
884,d,c,7550.0,,,0,,,,3443958,329703,5536.90996784566,530.0691318327974,622
885,a,a,480.0,12.0,2005.0,0,,,,4235932,565894,5458.6752577319585,729.2448453608248,776
886,a,c,12430.0,10.0,2004.0,0,,,,5018882,474412,6442.724005134788,609.0012836970475,779
887,d,a,19700.0,,,1,37.0,2009.0,"Jan,Apr,Jul,Oct",5317050,445543,6887.370466321244,577.1282383419689,772
888,d,a,4450.0,6.0,2012.0,1,35.0,2012.0,"Mar,Jun,Sept,Dec",6271013,582833,7998.741071428572,743.4094387755102,784
889,d,a,18670.0,12.0,2005.0,0,,,,3232661,353304,4144.4371794871795,452.95384615384614,780
890,a,a,4450.0,,,1,14.0,2011.0,"Jan,Apr,Jul,Oct",3563801,276589,5729.583601286174,444.6768488745981,622
891,a,c,350.0,,,1,31.0,2013.0,"Feb,May,Aug,Nov",6189692,851629,7976.407216494846,1097.4600515463917,776
892,a,a,19370.0,4.0,2002.0,0,,,,5927347,608437,7599.162820512821,780.0474358974359,780
893,a,a,130.0,,,1,1.0,2013.0,"Jan,Apr,Jul,Oct",3978679,514925,6396.59003215434,827.8536977491962,622
894,a,a,190.0,11.0,2012.0,0,,,,6529198,797763,8468.47989623865,1034.7120622568093,771
895,a,c,4150.0,,,0,,,,7248912,685097,9329.359073359074,881.7207207207207,777
896,a,c,170.0,9.0,2012.0,0,,,,5439130,852792,6937.665816326531,1087.7448979591836,784
897,c,c,3290.0,1.0,2007.0,1,5.0,2013.0,"Feb,May,Aug,Nov",2717511,268885,3492.9447300771208,345.61053984575835,778
898,a,a,18540.0,,,0,,,,5173270,555939,6615.434782608696,710.9194373401534,782
899,d,a,2590.0,,,1,13.0,2010.0,"Jan,Apr,Jul,Oct",4109286,438759,5268.315384615385,562.5115384615384,780
900,a,a,3920.0,4.0,2005.0,1,40.0,2014.0,"Jan,Apr,Jul,Oct",3635287,341494,5844.512861736334,549.0257234726688,622
901,a,c,3170.0,4.0,2014.0,0,,,,5669137,500746,7231.0420918367345,638.7066326530612,784
902,a,a,310.0,5.0,2015.0,1,40.0,2014.0,"Jan,Apr,Jul,Oct",3039385,391201,4886.471061093248,628.9405144694534,622
903,d,c,7290.0,9.0,2014.0,0,,,,7300878,508657,11737.745980707396,817.7765273311898,622
904,d,c,570.0,7.0,2013.0,1,14.0,2011.0,"Jan,Apr,Jul,Oct",3742423,319701,6016.757234726688,513.9887459807074,622
905,a,a,90.0,6.0,2014.0,0,,,,6645066,987344,8530.25160462131,1267.4505776636713,779
906,a,a,90.0,7.0,2010.0,0,,,,8535775,992530,10929.289372599233,1270.8450704225352,781
907,a,c,250.0,,,0,,,,4884914,646047,6270.749679075738,829.3286264441592,779
908,a,a,1980.0,7.0,2010.0,1,37.0,2009.0,"Jan,Apr,Jul,Oct",3307400,283561,4234.8271446863,363.07426376440463,781
909,a,c,1680.0,,,1,45.0,2009.0,"Feb,May,Aug,Nov",6512493,619197,10728.983525535421,1020.0939044481055,607
910,d,c,12480.0,,,1,1.0,2013.0,"Jan,Apr,Jul,Oct",4452869,447385,5708.80641025641,573.5705128205128,780
911,a,c,16490.0,,,0,,,,7749768,712986,9884.908163265307,909.420918367347,784
912,c,c,3100.0,5.0,2010.0,0,,,,4520528,594778,5765.9795918367345,758.6454081632653,784
913,a,a,280.0,,,0,,,,6900317,902068,8892.161082474227,1162.458762886598,776
914,c,c,2640.0,4.0,2011.0,1,22.0,2012.0,"Mar,Jun,Sept,Dec",7453259,888608,9506.707908163266,1133.4285714285713,784
915,d,c,650.0,3.0,2013.0,1,40.0,2014.0,"Jan,Apr,Jul,Oct",3942303,319510,6338.1077170418,513.6816720257235,622
916,a,a,90.0,11.0,2012.0,0,,,,4176608,546736,5382.226804123711,704.5567010309278,776
917,a,a,7240.0,2.0,2010.0,0,,,,5221594,577462,6702.944801026958,741.2862644415918,779
918,a,c,18710.0,4.0,2015.0,0,,,,4046072,431296,5187.271794871795,552.9435897435898,780
919,a,a,2620.0,,,1,45.0,2009.0,"Feb,May,Aug,Nov",3438093,420199,5536.381642512078,676.6489533011272,621
920,a,a,850.0,2.0,2012.0,1,40.0,2014.0,"Jan,Apr,Jul,Oct",3585330,361808,5764.196141479099,581.6848874598071,622
921,a,a,840.0,9.0,2006.0,0,,,,7389638,853783,9473.894871794872,1094.5935897435897,780
922,d,a,2110.0,3.0,2006.0,0,,,,5739531,552904,7405.846451612903,713.4245161290322,775
923,a,a,280.0,9.0,2008.0,0,,,,4167230,501835,5315.344387755102,640.0956632653061,784
924,a,a,6420.0,4.0,2011.0,1,1.0,2012.0,"Jan,Apr,Jul,Oct",3702496,350663,4752.883183568678,450.14505776636713,779
925,c,a,470.0,3.0,2007.0,1,1.0,2012.0,"Jan,Apr,Jul,Oct",5147464,921935,6693.711313394018,1198.8751625487646,769
926,d,c,5150.0,3.0,2011.0,1,13.0,2010.0,"Jan,Apr,Jul,Oct",5655998,422709,7260.587933247753,542.630295250321,779
927,a,a,480.0,,,0,,,,5059388,672726,6553.611398963731,871.4067357512953,772
928,d,c,1090.0,,,1,31.0,2013.0,"Feb,May,Aug,Nov",6243438,539545,8014.682926829269,692.612323491656,779
929,a,c,4820.0,9.0,2013.0,0,,,,4559231,557548,5815.345663265306,711.1581632653061,784
930,a,a,70.0,,,0,,,,5569973,911976,7150.1578947368425,1170.7008985879334,779
931,a,c,1480.0,9.0,2011.0,1,1.0,2012.0,"Jan,Apr,Jul,Oct",3140234,386489,3588.8388571428573,441.7017142857143,875
932,a,a,15700.0,,,1,13.0,2010.0,"Jan,Apr,Jul,Oct",4607215,455455,7395.208667736758,731.0674157303371,623
933,a,c,6270.0,2.0,2005.0,0,,,,5718554,706128,7331.4794871794875,905.2923076923076,780
934,a,c,5460.0,,,1,14.0,2011.0,"Jan,Apr,Jul,Oct",5268860,529417,6763.620025673941,679.6110397946085,779
935,a,c,22350.0,6.0,2010.0,0,,,,4430153,470734,5650.705357142857,600.4260204081633,784
936,a,a,580.0,2.0,2008.0,0,,,,5496846,694390,7056.284980744545,891.3863928112966,779
937,d,a,2810.0,,,1,10.0,2014.0,"Jan,Apr,Jul,Oct",5648895,457265,7232.900128040973,585.4865556978233,781
938,a,a,2820.0,9.0,2009.0,0,,,,7375962,755547,9408.114795918367,963.7079081632653,784
939,d,a,1340.0,,,0,,,,4656745,449101,5977.849807445443,576.5096277278562,779
940,d,c,6470.0,9.0,2012.0,0,,,,5657022,579554,7252.592307692307,743.0179487179487,780
941,a,a,1200.0,12.0,2011.0,1,31.0,2013.0,"Jan,Apr,Jul,Oct",3129057,344647,5030.638263665594,554.0948553054662,622
942,d,c,6860.0,,,1,18.0,2011.0,"Jan,Apr,Jul,Oct",4731583,367396,6058.364916773367,470.41741357234315,781
943,d,c,18020.0,,,0,,,,5428994,471937,6969.183568677792,605.8241335044929,779
944,c,a,1670.0,7.0,2015.0,0,,,,6217518,963947,7930.507653061224,1229.5242346938776,784
945,a,c,12480.0,3.0,2011.0,0,,,,3429965,416215,4374.955357142857,530.8864795918367,784
946,a,a,2220.0,12.0,2011.0,1,14.0,2015.0,"Jan,Apr,Jul,Oct",3274470,414924,4203.427471116816,532.6367137355584,779
947,a,a,460.0,3.0,2014.0,1,13.0,2010.0,"Jan,Apr,Jul,Oct",6470539,879169,8392.398184176394,1140.2970168612192,771
948,b,b,1430.0,,,0,,,,6437314,1589133,6936.760775862069,1712.427801724138,928
949,a,a,870.0,3.0,2006.0,0,,,,4194405,389579,5350.006377551021,496.9119897959184,784
950,a,a,8460.0,11.0,1994.0,0,,,,4450296,435793,5742.317419354838,562.3135483870968,775
951,d,c,710.0,,,1,40.0,2011.0,"Jan,Apr,Jul,Oct",6058267,559971,7776.97946084724,718.8331193838254,779
952,d,c,6300.0,10.0,2013.0,0,,,,4085326,329797,6568.048231511254,530.2202572347267,622
953,a,a,19830.0,4.0,2006.0,1,22.0,2011.0,"Mar,Jun,Sept,Dec",4162942,424309,5323.455242966752,542.5946291560102,782
954,a,a,390.0,2.0,2013.0,1,10.0,2014.0,"Jan,Apr,Jul,Oct",5426552,705305,6966.048780487805,905.397946084724,779
955,d,c,1690.0,7.0,2009.0,1,36.0,2013.0,"Mar,Jun,Sept,Dec",3676529,355771,4719.5494223363285,456.7021822849807,779
956,a,a,2330.0,10.0,2014.0,1,18.0,2011.0,"Feb,May,Aug,Nov",2992188,385118,3855.9123711340208,496.2860824742268,776
957,d,c,1420.0,11.0,2012.0,0,,,,6192726,666924,7898.885204081633,850.6683673469388,784
958,a,a,440.0,11.0,2013.0,0,,,,3327635,441182,4244.432397959184,562.7321428571429,784
959,a,c,1060.0,12.0,2005.0,0,,,,5528325,583763,7051.434948979592,744.5956632653061,784
960,d,a,8990.0,,,1,31.0,2009.0,"Feb,May,Aug,Nov",5251132,431941,6723.600512163893,553.0614596670935,781
961,d,c,9430.0,,,0,,,,5080588,536603,6521.935815147625,688.8356867779204,779
962,c,a,260.0,,,0,,,,5125011,696101,6690.6148825065275,908.748041775457,766
963,a,c,23620.0,11.0,2013.0,0,,,,8385406,791630,10764.320924261874,1016.2130937098844,779
964,a,a,270.0,,,1,5.0,2013.0,"Feb,May,Aug,Nov",7534699,1077174,9759.972797927461,1395.30310880829,772
965,a,c,110.0,,,0,,,,6626600,707184,8484.763124199744,905.4852752880922,781
966,a,a,760.0,2.0,2008.0,0,,,,3753283,475390,4818.078305519897,610.2567394094993,779
967,a,c,3560.0,9.0,2013.0,1,36.0,2013.0,"Jan,Apr,Jul,Oct",6731473,719270,8641.172015404365,923.3247753530167,779
968,c,a,1190.0,,,0,,,,5609742,683254,7191.976923076923,875.9666666666667,780
969,a,c,600.0,11.0,1999.0,1,10.0,2013.0,"Jan,Apr,Jul,Oct",2645117,452346,3503.4662251655627,599.1337748344371,755
970,a,a,910.0,12.0,2014.0,1,37.0,2009.0,"Jan,Apr,Jul,Oct",2573975,312532,3295.742637644046,400.16901408450707,781
971,c,a,1140.0,5.0,2011.0,1,14.0,2012.0,"Mar,Jun,Sept,Dec",6392792,761659,8270.106080206986,985.3285899094437,773
972,a,a,14960.0,,,0,,,,2402627,272238,3422.545584045584,387.8034188034188,702
973,d,c,330.0,,,1,28.0,2012.0,"Jan,Apr,Jul,Oct",5017528,615311,6440.985879332477,789.8729139922979,779
974,a,a,150.0,3.0,2011.0,1,40.0,2014.0,"Jan,Apr,Jul,Oct",7178474,971204,11540.95498392283,1561.4212218649518,622
975,a,c,9630.0,,,1,14.0,2011.0,"Jan,Apr,Jul,Oct",6010559,579446,7715.736842105263,743.8331193838254,779
976,a,a,4180.0,,,0,,,,5433498,559119,6974.965340179718,717.7394094993582,779
977,a,a,520.0,9.0,2005.0,1,13.0,2010.0,"Jan,Apr,Jul,Oct",2974291,318092,4774.142857142857,510.58105939004815,623
978,c,c,3890.0,,,0,,,,5626588,757830,7213.574358974359,971.5769230769231,780
979,a,c,2270.0,11.0,2005.0,1,14.0,2011.0,"Jan,Apr,Jul,Oct",4898808,497651,6264.460358056266,636.3823529411765,782
980,a,a,4420.0,9.0,2005.0,0,,,,5468281,432164,7019.6161745827985,554.7676508344031,779
981,d,c,2620.0,11.0,2002.0,0,,,,5700952,588296,7308.912820512821,754.225641025641,780
982,d,a,21930.0,,,0,,,,6285458,539497,8058.279487179487,691.6628205128205,780
983,a,a,40.0,3.0,2014.0,1,1.0,2014.0,"Jan,Apr,Jul,Oct",7941077,1068066,10259.789405684754,1379.9302325581396,774
984,c,a,440.0,,,1,1.0,2013.0,"Jan,Apr,Jul,Oct",4708162,574511,6067.219072164949,740.3492268041238,776
985,c,c,490.0,5.0,2007.0,1,13.0,2010.0,"Jan,Apr,Jul,Oct",6516900,601984,8387.258687258687,774.7541827541828,777
986,a,a,620.0,10.0,2014.0,1,18.0,2014.0,"Feb,May,Aug,Nov",4802035,639283,6220.2525906735755,828.0867875647668,772
987,c,a,1690.0,6.0,2007.0,0,,,,5368327,680093,6847.355867346939,867.4655612244898,784
988,a,a,30.0,11.0,2012.0,0,,,,3683288,566446,4698.071428571428,722.5076530612245,784
989,a,a,1640.0,6.0,2006.0,1,40.0,2011.0,"Jan,Apr,Jul,Oct",3260812,356745,5242.463022508038,573.5450160771704,622
990,d,a,20930.0,,,0,,,,4999125,447315,6409.134615384615,573.4807692307693,780
991,a,a,1010.0,,,0,,,,4484520,418129,5756.765083440308,536.7509627727857,779
992,a,a,2480.0,7.0,1990.0,0,,,,4452757,546190,5715.991014120667,701.1424903722722,779
993,d,c,3460.0,10.0,2013.0,1,10.0,2014.0,"Jan,Apr,Jul,Oct",5942063,587207,7618.029487179487,752.8294871794872,780
994,a,a,2290.0,7.0,2011.0,1,1.0,2012.0,"Jan,Apr,Jul,Oct",3536283,344327,4539.516046213093,442.01155327342747,779
995,d,a,6560.0,12.0,2013.0,0,,,,7226190,614734,9264.346153846154,788.1205128205128,780
996,c,a,2870.0,7.0,2015.0,1,13.0,2010.0,"Jan,Apr,Jul,Oct",4993206,534380,6510.0469361147325,696.7144719687093,767
997,d,c,5840.0,7.0,2010.0,1,37.0,2009.0,"Jan,Apr,Jul,Oct",4028334,322024,5157.918053777209,412.3226632522407,781
998,a,a,780.0,9.0,2005.0,1,5.0,2013.0,"Feb,May,Aug,Nov",3354263,415133,4316.940797940798,534.2767052767052,777
999,d,c,15140.0,2.0,2002.0,1,37.0,2009.0,"Jan,Apr,Jul,Oct",7163321,515113,9183.744871794872,660.401282051282,780
1000,a,c,2230.0,5.0,2009.0,1,40.0,2014.0,"Jan,Apr,Jul,Oct",4635525,423675,7452.612540192926,681.1495176848874,622
1001,c,a,19640.0,,,1,14.0,2011.0,"Jan,Apr,Jul,Oct",4239004,485624,5420.721227621483,621.002557544757,782
1002,d,c,1130.0,11.0,2008.0,0,,,,4753790,562417,6063.507653061224,717.3686224489796,784
1003,a,a,170.0,7.0,2013.0,1,27.0,2013.0,"Jan,Apr,Jul,Oct",5751204,602250,7382.803594351733,773.1065468549423,779
1004,d,c,970.0,,,1,9.0,2011.0,"Mar,Jun,Sept,Dec",3212907,281082,5165.445337620578,451.9003215434084,622
1005,a,a,6480.0,,,0,,,,4834459,729683,6205.9807445442875,936.6919127086007,779
1006,c,c,3890.0,11.0,2006.0,1,5.0,2013.0,"Feb,May,Aug,Nov",4970130,675677,6371.961538461538,866.2525641025641,780
1007,c,c,4180.0,9.0,2012.0,0,,,,5485024,639858,6996.2040816326535,816.1454081632653,784
1008,a,c,30.0,9.0,2010.0,0,,,,4179585,561855,5331.103316326531,716.6517857142857,784
1009,a,a,230.0,7.0,2004.0,1,10.0,2014.0,"Jan,Apr,Jul,Oct",2968299,284969,4772.184887459807,458.1495176848875,622
1010,d,c,4610.0,6.0,2010.0,1,18.0,2010.0,"Feb,May,Aug,Nov",6957339,633057,8874.156887755102,807.4706632653061,784
1011,a,c,490.0,9.0,2012.0,1,18.0,2011.0,"Feb,May,Aug,Nov",6137147,734852,7878.237483953787,943.3273427471116,779
1012,d,c,6330.0,6.0,2004.0,1,39.0,2010.0,"Jan,Apr,Jul,Oct",3762920,321582,6049.710610932476,517.0128617363345,622
1013,a,a,630.0,2.0,2015.0,1,31.0,2013.0,"Feb,May,Aug,Nov",3110984,345207,3993.560975609756,443.1412066752246,779
1014,a,c,210.0,,,1,31.0,2013.0,"Jan,Apr,Jul,Oct",9509102,1051375,12206.806161745828,1349.6469833119384,779
1015,d,c,9910.0,12.0,2010.0,1,9.0,2011.0,"Mar,Jun,Sept,Dec",4705183,383638,6040.029525032092,492.4749679075738,779
1016,c,c,550.0,,,1,35.0,2010.0,"Mar,Jun,Sept,Dec",4213934,389650,5409.414634146341,500.19255455712454,779
1017,c,a,110.0,11.0,2008.0,0,,,,5539437,781115,7203.429128738621,1015.7542262678803,769
1018,c,c,140.0,9.0,2012.0,0,,,,9187204,1063112,11748.342710997442,1359.4782608695652,782
1019,d,c,2740.0,7.0,2014.0,1,13.0,2010.0,"Jan,Apr,Jul,Oct",5651236,469473,9071.00481540931,753.5682182985554,623
1020,a,a,40.0,8.0,2015.0,0,,,,7054345,866840,9032.451984635083,1109.910371318822,781
1021,a,a,1080.0,5.0,2011.0,0,,,,6835866,817747,8877.748051948052,1062.009090909091,770
1022,a,c,1520.0,,,0,,,,5706179,641135,7325.00513478819,823.0231065468549,779
1023,c,a,3740.0,2.0,2002.0,1,14.0,2011.0,"Jan,Apr,Jul,Oct",4799042,491531,6152.617948717949,630.1679487179487,780
1024,c,c,1990.0,1.0,2012.0,0,,,,4810209,615780,6135.470663265306,785.4336734693877,784
1025,a,a,720.0,11.0,2009.0,0,,,,5762189,672559,7425.501288659794,866.6997422680413,776
1026,c,a,450.0,6.0,2011.0,1,48.0,2012.0,"Mar,Jun,Sept,Dec",7397085,919445,9495.616174582798,1180.2888318356868,779
1027,a,c,190.0,6.0,2008.0,1,40.0,2011.0,"Jan,Apr,Jul,Oct",8163847,1032892,13104.088282504013,1657.9325842696628,623
1028,a,a,150.0,,,1,31.0,2013.0,"Jan,Apr,Jul,Oct",3686723,425786,4732.635430038511,546.5802310654685,779
1029,a,a,1590.0,3.0,2006.0,0,,,,4224868,591023,5416.497435897436,757.7217948717948,780
1030,a,a,36410.0,4.0,2008.0,0,,,,2816323,258896,3610.6705128205126,331.9179487179487,780
1031,d,a,590.0,5.0,2001.0,0,,,,3773364,325598,4843.85622593068,417.96919127086005,779
1032,d,c,270.0,2.0,2013.0,1,40.0,2012.0,"Jan,Apr,Jul,Oct",7172255,752136,9195.198717948719,964.276923076923,780
1033,a,a,7680.0,3.0,2006.0,0,,,,10870270,1018597,13865.140306122448,1299.2308673469388,784
1034,a,a,13750.0,4.0,2015.0,0,,,,5072945,568150,6503.775641025641,728.3974358974359,780
1035,a,a,27150.0,,,0,,,,3803794,450423,4876.658974358975,577.4653846153847,780
1036,d,c,9560.0,,,1,36.0,2013.0,"Jan,Apr,Jul,Oct",3884252,367372,4986.202824133505,471.594351732991,779
1037,a,c,150.0,,,0,,,,5387026,681679,6906.44358974359,873.9474358974359,780
1038,d,a,17290.0,10.0,2013.0,0,,,,3668097,319358,5897.262057877813,513.4372990353697,622
1039,a,c,70.0,6.0,1990.0,1,22.0,2012.0,"Mar,Jun,Sept,Dec",6307879,799824,8181.42542153048,1037.385214007782,771
1040,a,a,4030.0,2.0,2013.0,1,10.0,2014.0,"Jan,Apr,Jul,Oct",6775360,674734,8697.509627727855,866.1540436456996,779
1041,c,a,1600.0,8.0,2013.0,1,40.0,2014.0,"Jan,Apr,Jul,Oct",3801487,408015,6111.715434083601,655.9726688102894,622
1042,a,a,3440.0,,,1,31.0,2013.0,"Feb,May,Aug,Nov",3218244,426002,4131.250320924262,546.8575096277278,779
1043,c,a,420.0,3.0,2006.0,0,,,,6858406,941445,8792.828205128206,1206.9807692307693,780
1044,c,a,240.0,4.0,2015.0,1,13.0,2010.0,"Jan,Apr,Jul,Oct",5145309,695225,6622.019305019305,894.7554697554698,777
1045,a,c,26990.0,12.0,2013.0,0,,,,6654188,808163,7535.886749716874,915.246885617214,883
1046,d,c,29070.0,4.0,2005.0,0,,,,6784716,533570,8698.353846153846,684.0641025641025,780
1047,a,a,3750.0,,,1,45.0,2009.0,"Feb,May,Aug,Nov",3791124,407902,4885.469072164949,525.6469072164948,776
1048,d,c,1860.0,9.0,2012.0,1,40.0,2012.0,"Jan,Apr,Jul,Oct",5392653,416229,6887.168582375479,531.5823754789272,783
1049,a,a,370.0,7.0,2012.0,1,14.0,2011.0,"Jan,Apr,Jul,Oct",2478906,395752,3985.379421221865,636.2572347266881,622
1050,d,c,13170.0,8.0,2014.0,1,9.0,2011.0,"Mar,Jun,Sept,Dec",5771211,404342,7389.514724711908,517.7234314980794,781
1051,c,a,200.0,7.0,1998.0,1,1.0,2012.0,"Jan,Apr,Jul,Oct",5737921,770860,7490.758485639687,1006.3446475195823,766
1052,a,c,5080.0,,,1,31.0,2013.0,"Feb,May,Aug,Nov",5662859,588984,7269.395378690629,756.0770218228498,779
1053,a,a,1710.0,7.0,2015.0,0,,,,7002929,791662,8932.307397959185,1009.7729591836735,784
1054,a,c,13190.0,,,1,45.0,2013.0,"Feb,May,Aug,Nov",4730838,483709,6034.232142857143,616.9757653061224,784
1055,c,a,1980.0,4.0,2009.0,0,,,,6197127,775488,7914.593869731801,990.4061302681993,783
1056,d,c,5350.0,,,1,40.0,2012.0,"Jan,Apr,Jul,Oct",2415557,230408,3877.298555377207,369.8362760834671,623
1057,d,c,3230.0,11.0,2011.0,0,,,,5036413,502083,6423.996173469388,640.4119897959183,784
1058,a,c,180.0,,,1,35.0,2010.0,"Mar,Jun,Sept,Dec",5658141,546009,7263.338896020539,700.9101412066752,779
1059,c,a,3380.0,4.0,2013.0,0,,,,6604849,904541,8424.552295918367,1153.751275510204,784
1060,a,c,3430.0,,,1,31.0,2013.0,"Feb,May,Aug,Nov",5707977,660675,7327.31322207959,848.1065468549423,779
1061,d,c,8110.0,,,0,,,,5732970,431026,7378.339768339768,554.7310167310168,777
1062,d,a,190.0,9.0,2012.0,1,40.0,2012.0,"Feb,May,Aug,Nov",4990259,461502,6405.9807445442875,592.428754813864,779
1063,a,c,6250.0,,,0,,,,3348689,416261,4271.286989795918,530.9451530612245,784
1064,a,c,420.0,,,0,,,,7365896,831862,9455.578947368422,1067.8587933247754,779
1065,a,a,1290.0,,,1,35.0,2011.0,"Mar,Jun,Sept,Dec",2611257,301834,4198.162379421222,485.2636655948553,622
1066,a,a,3350.0,,,0,,,,8626583,877097,11073.919127086008,1125.9268292682927,779
1067,d,c,12020.0,7.0,2009.0,0,,,,3580348,305012,5756.186495176848,490.37299035369773,622
1068,d,c,5010.0,,,1,5.0,2013.0,"Jan,Apr,Jul,Oct",3451074,240516,4441.53667953668,309.5444015444015,777
1069,a,c,18050.0,,,1,14.0,2011.0,"Jan,Apr,Jul,Oct",4930721,621457,6305.269820971867,794.7020460358057,782
1070,c,c,400.0,10.0,2008.0,0,,,,5515214,680475,7034.711734693878,867.952806122449,784
1071,a,a,820.0,3.0,2012.0,1,35.0,2012.0,"Mar,Jun,Sept,Dec",4725345,571238,6027.225765306122,728.6198979591836,784
1072,a,c,5380.0,8.0,2015.0,1,5.0,2010.0,"Feb,May,Aug,Nov",5314269,500175,6821.911424903723,642.0731707317074,779
1073,a,c,1710.0,,,1,44.0,2012.0,"Jan,Apr,Jul,Oct",5668621,715327,7276.792041078305,918.2631578947369,779
1074,c,c,3330.0,10.0,2001.0,1,14.0,2011.0,"Jan,Apr,Jul,Oct",4014070,433374,5146.24358974359,555.6076923076923,780
1075,a,c,1410.0,10.0,2013.0,0,,,,9004545,856724,11485.389030612245,1092.7602040816328,784
1076,a,c,90.0,,,1,1.0,2013.0,"Jan,Apr,Jul,Oct",2820000,424905,3620.02567394095,545.4492939666238,779
1077,a,a,3750.0,11.0,2001.0,1,35.0,2010.0,"Mar,Jun,Sept,Dec",3497529,386337,4489.767650834403,495.93966623876764,779
1078,d,c,670.0,,,1,40.0,2011.0,"Jan,Apr,Jul,Oct",5289878,406860,6808.079794079794,523.6293436293437,777
1079,a,a,16680.0,,,1,37.0,2009.0,"Jan,Apr,Jul,Oct",6783229,538364,8685.312419974392,689.3265044814341,781
1080,a,a,2410.0,,,1,40.0,2014.0,"Jan,Apr,Jul,Oct",6338656,523432,10190.765273311898,841.5305466237942,622
1081,b,a,400.0,3.0,2006.0,0,,,,4485164,709444,5924.919418758256,937.1783355350066,757
1082,c,a,440.0,4.0,2002.0,0,,,,5494934,807063,7044.78717948718,1034.696153846154,780
1083,d,c,11540.0,,,1,5.0,2013.0,"Feb,May,Aug,Nov",4019314,281668,5146.368758002561,360.65044814340587,781
1084,a,a,190.0,,,1,13.0,2010.0,"Jan,Apr,Jul,Oct",4904211,631824,6271.369565217391,807.9590792838875,782
1085,c,a,4030.0,2.0,2015.0,0,,,,5932711,596091,7567.2334183673465,760.3201530612245,784
1086,a,a,180.0,11.0,2013.0,1,18.0,2011.0,"Feb,May,Aug,Nov",5996057,655364,7677.409731113957,839.134443021767,781
1087,d,c,2210.0,11.0,2011.0,0,,,,4925247,482537,6282.202806122449,615.4808673469388,784
1088,a,a,4300.0,3.0,2009.0,1,27.0,2013.0,"Jan,Apr,Jul,Oct",3960984,377930,5084.703465982028,485.14762516046216,779
1089,d,a,5220.0,5.0,2009.0,0,,,,7915233,781006,10160.761232349165,1002.5750962772786,779
1090,a,a,330.0,,,1,14.0,2011.0,"Jan,Apr,Jul,Oct",5033396,612815,6453.071794871795,785.6602564102565,780
1091,a,c,9990.0,,,0,,,,6488655,546598,8276.345663265307,697.1913265306123,784
1092,a,a,300.0,7.0,2000.0,1,40.0,2014.0,"Jan,Apr,Jul,Oct",7439455,724644,11960.538585209004,1165.022508038585,622
1093,c,c,10450.0,6.0,2009.0,0,,,,6504285,678171,8338.826923076924,869.45,780
1094,d,a,2380.0,3.0,2013.0,1,40.0,2014.0,"Jan,Apr,Jul,Oct",2845473,232530,4574.715434083601,373.84244372990355,622
1095,a,a,690.0,6.0,2007.0,1,14.0,2011.0,"Jan,Apr,Jul,Oct",3739067,530065,4781.415601023018,677.8324808184143,782
1096,a,c,1130.0,,,1,10.0,2014.0,"Mar,Jun,Sept,Dec",4250632,493156,5456.523748395379,633.0629011553274,779
1097,b,b,720.0,3.0,2002.0,0,,,,9179413,2280508,9744.599787685775,2420.9214437367305,942
1098,a,a,1830.0,11.0,2004.0,0,,,,4102408,553080,5259.497435897436,709.0769230769231,780
1099,a,c,200.0,4.0,2013.0,1,14.0,2013.0,"Jan,Apr,Jul,Oct",6914599,875095,7743.111982082867,979.94960806271,893
1100,a,a,540.0,,,1,14.0,2011.0,"Jan,Apr,Jul,Oct",4167374,514503,5405.1543450064855,667.3190661478599,771
1101,d,c,4060.0,9.0,2012.0,0,,,,7818257,774945,9972.266581632653,988.4502551020408,784
1102,a,a,850.0,11.0,2012.0,1,40.0,2014.0,"Jan,Apr,Jul,Oct",4353993,439429,6999.988745980708,706.4774919614148,622
1103,d,c,1340.0,10.0,2006.0,1,5.0,2013.0,"Feb,May,Aug,Nov",3920264,301204,5019.544174135724,385.66453265044817,781
1104,d,a,260.0,2.0,2012.0,1,14.0,2011.0,"Jan,Apr,Jul,Oct",3397012,268215,5461.434083601286,431.2138263665595,622
1105,c,c,330.0,11.0,2008.0,1,5.0,2013.0,"Feb,May,Aug,Nov",3555802,397318,4564.572528883184,510.0359435173299,779
1106,a,c,5330.0,9.0,2011.0,1,31.0,2013.0,"Jan,Apr,Jul,Oct",3836971,437169,4894.095663265306,557.6135204081633,784
1107,a,a,1400.0,6.0,2012.0,1,13.0,2010.0,"Jan,Apr,Jul,Oct",3882362,416495,6231.720706260032,668.5313001605136,623
1108,a,a,540.0,4.0,2004.0,0,,,,4482599,460408,5746.921794871795,590.2666666666667,780
1109,c,a,3490.0,4.0,2011.0,1,22.0,2012.0,"Jan,Apr,Jul,Oct",3064721,281354,4927.204180064308,452.3376205787781,622
1110,c,c,900.0,9.0,2010.0,0,,,,3548486,422958,4531.910600255428,540.176245210728,783
1111,a,a,1900.0,6.0,2014.0,1,31.0,2013.0,"Jan,Apr,Jul,Oct",4091076,351883,5251.702182284981,451.7111681643132,779
1112,c,c,1880.0,4.0,2006.0,0,,,,7974294,653276,10236.577663671373,838.6084724005135,779
1113,a,c,9260.0,,,0,,,,5196242,562151,6627.859693877551,717.0293367346939,784
1114,a,c,870.0,,,0,,,,16202585,2509542,20666.5625,3200.9464285714284,784
1115,d,c,5350.0,,,1,22.0,2012.0,"Mar,Jun,Sept,Dec",4922229,337884,6302.469910371319,432.62996158770807,781
